Международная классификация болезней – Онкология (3 издание). Морфологические коды;Международная классификация болезней – Онкология (3 издание). Морфологические коды;Международная классификация болезней – Онкология (3 издание). Морфологические коды;Фенотип гемопоэтических стволовых клеток
1.2.643.5.1.13.13.11.1486;;;МКБ-О 3 Таблица 22 https://www.niioncologii.ru/sites/default/files/files/mkb-o-3_okonchatelnyj_variant-_interaktivnaya_versiya.pdf
CODE;NAME;ID;CODE
8000/3;Новообразование, злокачественное;4;5
8001/3;Опухолевые клетки, злокачественные;9;5
8002/3;Злокачественная опухоль, мелкоклеточная;10;5
8003/3;Злокачественная опухоль, гигантоклеточная;11;5
8004/3;Злокачественная опухоль, веретеноклеточная;12;5
8005/3;Злокачественная опухоль, светлоклеточная;14;5
8010/3;Рак, БДУ;18;5
8010/6;Рак, метастатический, БДУ;19;5
8011/3;Эпителиома, злокачественная;22;5
8012/3;Крупноклеточный рак, БДУ;23;5
8013/3;Комбинированный крупноклеточный нейроэндокринный рак;24;5
8014/3;Крупноклеточный рабдоидный рак;25;5
8015/3;Стекловидноклеточный рак;26;5
8020/3;Рак, недифференцированный, БДУ (неуточненный);27;5
8021/3;Рак, анапластический, БДУ;28;5
8022/3;Плеоморфный рак;29;5
8023/3;NUT-ассоциированная карцинома;1136;5
8030/3;Гигантоклеточный и веретеноклеточный рак;30;5
8031/3;Гигантоклеточный рак;31;5
8032/3;Веретеноклеточный рак;32;5
8033/3;Псевдосаркоматозный рак;33;5
8034/3;Полигональноклеточный рак;34;5
8035/3;Рак из остеокластоподобных гигантских клеток;35;5
8041/3;Мелкоклеточный рак, БДУ;38;5
8042/3;Овсяноклеточный рак (С34._);39;5
8043/3;Мелкоклеточный рак, веретеноклеточный;40;5
8044/3;Мелкоклеточный рак, гиперкальциемического типа;41;5
8045/3;Комбинированный мелкоклеточный рак;42;5
8046/3;Немелкоклеточный рак (С34._);43;5
8050/3;Папиллярный рак, БДУ;47;5
8051/3;Бородавчатый рак, БДУ;49;5
8052/3;Папиллярный плоскоклеточный рак;52;5
8054/3;Бородавчатая карцинома;1138;5
8070/3;Плоскоклеточный рак, БДУ;56;5
8070/6;Плоскоклеточный рак, метастатический, БДУ;57;5
8071/3;Кератоакантома;58;5
8072/3;Плоскоклеточный рак, крупноклеточный неороговевающий, БДУ;59;5
8073/3;Плоскоклеточный рак, мелкоклеточный, неороговевающий;60;5
8074/3;Псевдососудистый плоскоклеточный рак;61;5
8075/3;Плоскоклеточный рак, аденоидный;62;5
8076/3;Плоскоклеточный рак микроинвазивный;64;5
8078/3;Плоскоклеточный рак с ороговением;67;5
8082/3;Лимфоэпителиальный рак;70;5
8083/3;Папиллярно-базалоидная карцинома;71;5
8084/3;Плоскоклеточный рак, светлоклеточный;72;5
8085/3;Плоскоклеточный рак, HPV-позитивный;1143;5
8086/3;Плоскоклеточный рак, HPV-негативный;1144;5
8090/3;Базальноклеточный рак с придатковой дифференцировкой;75;5
8091/3;Поверхностный базальноклеточный рак;76;5
8092/3;Инфильтративный базальноклеточный рак, БДУ (С44._);77;5
8093/3;Базальноклеточный рак, фиброэпителиальный (С44._);78;5
8094/3;Базально-плоскоклеточный рак (С44._);79;5
8095/3;Метатипический рак (С44._);80;5
8097/3;Базальноклеточный рак, нодулярная (узловая) форма (С44._);82;5
8098/3;Аденоидная базалиома (С53._);83;5
8100/3;Трихобластическая карцинома;1145;5
8102/3;Трихолеммокарцинома (С44._);87;5
8110/3;Пиломатрикальная карцинома;90;5
8120/3;Плоско-переходноклеточная карцинома;95;5
8121/3;Рак Шнейдера (С30.0, С31._);98;5
8122/3;Уротелиальная карцинома, саркоматоидная;99;5
8123/3;Базалиоидный рак;100;5
8124/3;Клоакогенный рак (С21.2);101;5
8130/3;Папиллярный переходно-клеточный рак (С67._);104;5
8131/3;Уротелиальная карцинома, микропапиллярная;105;5
8140/3;Аденокарцинома, обычный тип;110;5
8140/6;Аденокарцинома, метастатическая, БДУ;111;5
8141/3;Скиррозная аденокарцинома;112;5
8142/3;Пластический линит (С16._);113;5
8143/3;Поверхностно распространяющаяся аденокарцинома;114;5
8144/3;Аденокарцинома, кишечная;115;5
8145/3;Рак, диффузный тип (С16._);116;5
8147/3;Базальноклеточная аденокарцинома;119;5
8150/3;Нейроэндокринная опухоль поджелудочной железы, нефункционирующая;125;5
8151/3;Инсулинома, БДУ;127;5
8152/3;Опухоль, продуцирующая глюкагоноподобный пептид;129;5
8153/3;Гастринома, БДУ;131;5
8154/3;Смешанная эндокринная и экзокринная опухоль поджелудочной железы, злокачественная (С25._);132;5
8155/3;ВИПома, БДУ;134;5
8156/3;Соматостатинома, БДУ;136;5
8158/3;АКТГ-продуцирующая опухоль;1149;5
8160/3;Холангиокарцинома (С22.1, С24.0);139;5
8161/3;Цистаденокарцинома желчного протока (С22.1, С24.0);141;5
8162/3;Опухоль Клацкина (С22.1, С24.0);142;5
8163/3;Панкреатобилиарный рак (С24.1);145;5
8170/3;Гепатоцеллюлярный рак, БДУ (С22.0);147;5
8171/3;Гепатоцеллюлярный рак, фиброламеллярный (С22.0);148;5
8172/3;Гепатоцеллюлярный рак, скиррозный (С22.0);149;5
8173/3;Гепатоцеллюлярный рак, веретеноклеточный вариант (С22.0);150;5
8174/3;Гепатоцеллюлярный рак, светлоклеточный вариант (С22.0);151;5
8175/3;Гепатоцеллюлярный рак, плеоморфный вариант (С22.0);152;5
8180/3;Смешанный гепатоцеллюлярный рак и холангиокарцинома (С22.0);153;5
8190/3;Трабекулярная аденокарцинома;155;5
8200/3;Рак тимуса с чертами, напоминающими аденокистозный рак;158;5
8201/3;Криброзный рак, БДУ;160;5
8210/3;Аденокарцинома в аденоматозном полипе;165;5
8211/3;Тубулярная аденокарцинома;167;5
8213/3;Зубчатая аденокарцинома;170;5
8214/3;Париетально-клеточный рак (С16._);171;5
8215/3;Аденокарцинома анальных желез (С21.1);172;5
8220/3;Аденокарцинома в аденоматозном полипе толстой кишки (С18._);174;5
8221/3;Аденокарцинома в множественных аденоматозных полипах;176;5
8230/3;Солидная аденокарцинома, БДУ;178;5
8231/3;Простой рак (Carcinoma simplex);179;5
8240/3;Нейроэндокринная опухоль, БДУ;181;5
8241/3;Карциноидная опухоль, аргентафинная;182;5
8242/3;Опухоль из энтерохромаффиноподобных клеток, злокачественная;184;5
8243/3;Карциноид из бокаловидных клеток;185;5
8244/3;Смешанные карциноид и аденокарцинома;186;5
8245/3;Аденокарциноидная опухоль;188;5
8246/3;Низкодифференцированная нейроэндокринная опухоль;189;5
8247/3;Рак из клеток Меркеля (С44._);190;5
8249/3;Нейроэндокринная опухоль, Grade 2;192;5
8250/3;Аденокарцинома со стелющимся типом роста;194;5
8251/3;Альвеолярная аденокарцинома (С34._);196;5
8252/3;Бронхиоло-альвеолярный рак, немуцинозный (С34._);197;5
8253/3;Аденокарцинома легого in situ, муцинозная;198;5
8254/3;Аденокарцинома легкого смешанная: муцинозная и немуцинозная;199;5
8255/3;Аденокарцинома со смешанными подтипами;200;5
8256/3;Минимальноинвазивная аденокарцинома, немуцинозная;1153;5
8257/3;Минимальноинвазивная аденокарцинома, муцинозная;1154;5
8260/3;Папиллярная аденокарцинома, БДУ;202;5
8261/3;Аденокарцинома при ворсинчатой аденоме;205;5
8262/3;Ворсинчатая аденокарцинома;206;5
8263/3;Виллогландулярная карцинома;209;5
8265/3;Микропапиллярная аденокарцинома;211;5
8270/3;Хромофобный рак (С75.1);213;5
8272/3;Рак гипофиза, БДУ (С75.1);216;5
8273/3;Бластома гипофиза;1156;5
8280/3;Рак из ацидофильных клеток (С75.1);218;5
8281/3;Смешанный ацидофильно-базофильный рак (С75.1);220;5
8290/3;Оксифильная аденокарцинома;222;5
8300/3;Рак из базофильных клеток (С75.1);224;5
8310/3;Светлоклеточный почечноклеточный рак;226;5
8311/3;Почечноклеточный рак, ассоциирвоанный с наследственным лейомиоматозом и почечноклеточным раком;1157;5
8312/3;Почечноклеточный рак, неклассифицируемый;228;5
8313/3;Светлоклеточная аденокарцинофиброма (С56.9);231;5
8314/3;Липид-секретирующий рак (С50._);232;5
8315/3;Светлоклеточная карцинома богатая гликогеном;233;5
8316/3;Почечноклеточный рак, ассоциированный с приобретенной кистозной болезнью;234;5
8317/3;Почечно-клеточный рак, хромофобный (С64.9);235;5
8318/3;Почечно-клеточный рак, саркомоподобный (С64.9);236;5
8319/3;Рак собирательных трубочек почки (С64.9);237;5
8320/3;Зернистоклеточный рак;238;5
8322/3;Водянисто-светлоклеточная аденокарцинома (С75.0);241;5
8323/3;Смешанно-клеточная аденокарцинома;243;5
8330/3;Фолликулярная карцинома, БДУ;248;5
8331/3;Фолликулярная аденокарцинома, высокодифференцированная (С73.9);249;5
8332/3;Фолликулярная аденокарцинома, трабекулярная (С73.9);250;5
8333/3;Эмбриональная аденокарцинома;252;5
8335/3;Фолликулярный рак, минимально инвазивный (С73.9);254;5
8337/3;Низкодифференцированный рак щитовидной железы;256;5
8339/3;Фолликулярная карцинома, инкапсулированная, ангиоинвазивная;1162;5
8340/3;Папиллярная и фолликулярная аденокарцинома;257;5
8341/3;Папиллярная микрокарцинома (С73.9);258;5
8342/3;Папиллярная карцинома, онкоцитарный вариант;259;5
8343/3;Папиллярный рак, инкапсулированный (С73.9);260;5
8344/3;Папиллярный рак, цилиндроклеточный (С73.9);261;5
8345/3;Медуллярный рак щитовиднйо железы;262;5
8346/3;Смешанный медуллярно-фолликулярный рак (С73.9);263;5
8347/3;Смешанный медуллярно-папиллярный рак (С73.9);264;5
8350/3;Неинкапсулированный склерозируюший рак (С73.9);265;5
8370/3;Рак коры надпочечника (С74.0);269;5
8380/3;Эндометриоидная аденокарцинома, БДУ;277;5
8381/3;Эндометриоидная аденофиброма, злокачественная;280;5
8382/3;Эндометриоидная аденокарцинома, секретирующий вариант;281;5
8383/3;Эндометриоидная аденокарцинома, из реснитчатых клеток;282;5
8384/3;Аденокарцинома, эндоцервикальная;283;5
8390/3;Придатковая аденокарцинома, БДУ;286;5
8400/3;Аденокарцинома потовой железы (С44._);291;5
8401/3;Апокринная аденокарцинома;293;5
8402/3;Гидраденокарцинома;295;5
8403/3;Злокачественная эккринная спираденома (С44._);297;5
8406/3;Сосочковая сирингоцистаденокарцинома;1166;5
8407/3;Микрокистозная придатковая карцинома;302;5
8408/3;Папиллярная аденокарцинома пальцев;305;5
8409/3;Порокарцинома, БДУ;307;5
8410/3;Себоцейная карцинома;309;5
8413/3;Эккринная аденокарцинома (С44._);310;5
8420/3;Аденокарцинома серных желез (С44.2);312;5
8430/3;Мукоэпидермоидный рак;315;5
8440/3;Цистаденокарцинома, БДУ;318;5
8441/3;Серозняа карцинома, БДУ;320;5
8450/3;Папиллярная цистаденокарцинома, БДУ (С56.9);325;5
8452/3;Солидная псевдопапиллярная опухоль поджелудочной железы;328;5
8453/3;Внутрипротоковый папиллярно-муцинозный рак, инвазивный (С25._);331;5
8460/3;Папиллярная серозная цистаденокарцинома (С56.9);334;5
8461/3;High-grade серозная карцинома;336;5
8470/3;Муцинозная цистаденокарцинома, БДУ (С56.9);341;5
8474/3;Серомуцинозная карцинома;1172;5
8480/3;Муцинозная тубулярная и веретеноклеточная карцинома;348;5
8480/6;Псевдомиксома брюшины;349;5
8481/3;Слизеобразующая аденокарцинома;350;5
8482/3;Муцинозная аденокарцинома, желудочного типа;351;5
8490/3;Перстневидно-клеточный рак;352;5
8490/6;Метастатический перстневидно-клеточный рак;353;5
8500/3;Инвазивный рак молочной железы неспецифицированный;356;5
8501/3;Комедокарцинома, БДУ (С50._);358;5
8502/3;Секреторный рак молочной железы (С50._);359;5
8503/3;Внутрипротоковая папиллярная аденокарцинома с инвазией (С50._);362;5
8504/3;Инкапусалированная папиллярная карцинома с инвазией;365;5
8507/3;Инвазивная микропапиллярная карцинома молочной железы;1173;5
8508/3;Кистозный гиперсекреторный рак (С50._);369;5
8509/3;Солидная папиллярная карцинома с инвазией;1175;5
8510/3;Медуллярноподобная карцинома;370;5
8512/3;Медуллярный рак с лимфоидной стромой;371;5
8513/3;Атипичный медуллярный рак (С50._);372;5
8514/3;Протоковый рак, десмопластический тип;373;5
8520/3;Тубулолобулярная карцинома;375;5
8521/3;Инфильтрирующий дуктулярный рак (С50._);376;5
8522/3;Инфильтрирующий протоковый и дольковый рак (С50._);378;5
8523/3;Инфильтрирующий протоковый рак в сочетании с другими формами рака (С50._);379;5
8524/3;Инфильтрирующий дольковый рак в сочетании с другими формами рака (С50._);380;5
8525/3;Полиморфная аденокарцинома низкой степени злокачественности;381;5
8530/3;Воспалительный рак (С50._);382;5
8540/3;Болезнь Педжета соска;383;5
8541/3;Болезнь Педжета и инфильтрирующий протоковый рак молочной железы (С50._);384;5
8542/3;Болезнь Педжета, экстрамаммарная (за исключением болезни Педжета костей);385;5
8543/3;Болезнь Педжета и внутрипротоковый рак молочной железы (С50._);386;5
8550/3;Ацинарно-клеточный рак;390;5
8551/3;Ацинарная аденокарцинома легкого;391;5
8552/3;Смешанный ацинарно-протоковый рак;392;5
8560/3;Железисто-плоскоклеточный рак;395;5
8562/3;Эпителиально-миоэпителиальный рак;397;5
8570/3;Эндометриоидная карцинома с плоскоклеточной дифференцировкой;398;5
8571/3;Аденокарцинома с хондроидной дифференцировкой;399;5
8572/3;Ацинарная аденокарцинома, саркоматоидный вариант;400;5
8573/3;Аденокарцинома с апокринной метаплазией;401;5
8574/3;Аденокарцинома смешанная с нейроэндокринным раком;402;5
8575/3;Метапластический рак, БДУ;403;5
8576/3;Гепатоидная аденокарцинома;404;5
8580/3;Тимома, БДУ;408;5
8581/3;Тимома, тип А;410;5
8582/3;Тимома, тип АВ;412;5
8583/3;Тимома, тип В1;414;5
8584/3;Тимома, тип В2;416;5
8585/3;Тимома, тип В3;418;5
8586/3;Рак вилочковой железы (тимуса), БДУ (С37.9);419;5
8588/3;Веретеноклеточная эпителиальная опухоль с тимус-подобной дифференцировкой;421;5
8589/3;Тимическая карцинома щитовидной железы;422;5
8600/3;Текома, злокачественная (С56.9);429;5
8620/3;Гранулезоклеточная опухоль яичника взрослого типа;434;5
8630/3;Андробластома, злокачественная;440;5
8631/3;Опухоль из клеток Сертоли-Лейдига, низкодифференцированная;443;5
8634/3;Опухоль из клеток Сертоли-Лейдига, низкодифференцированная, с гетерологичными элементами;447;5
8640/3;Сертоли-клеточный рак (С62._);449;5
8650/3;Лейдиго-клеточная опухоль, злокачественная (С62._);454;5
8670/3;Стероидно-клеточная опухоль, злокачественная;457;5
8680/3;Параганглиома, БДУ;462;5
8681/3;Симпатическая параганглиома;1180;5
8682/3;Парасимпатическая параганглиома;1181;5
8690/3;Параганглиома среднего уха;1182;5
8691/3;Опухоль аортального тельца;1183;5
8692/3;Параганглиома картотидного тельца;1184;5
8693/3;Экстраадренальная параганглиома, БДУ;470;5
8700/3;Феохромоцитома, БДУ (С74.1);472;5
8710/3;Гломангиосаркома;473;5
8711/3;Гломусная опухоль, злокачественная;475;5
8714/3;Периваскулярная эпителиоидная опухоль, злокачественная;1186;5
8720/3;Невоидная меланома;481;5
8721/3;Узловая меланома (С44._);482;5
8722/3;Балонноклеточная меланома (С44._);484;5
8723/3;Злокачественная меланома, регрессирующая (С44._);486;5
8728/3;Менингеальный меланоматоз (С70.9);492;5
8730/3;Амеланотическая меланома (С44._);494;5
8740/3;Злокачественная меланома при пограничном невусе (С44._);496;5
8741/3;Злокачественная меланома при предраковом меланозе (С44._);498;5
8742/3;Лентиго-меланома (С44._);500;5
8743/3;Меланома, ассоциированная с низким уровнем кумулятивного солярного поврежедния;501;5
8744/3;Акральная меланома;502;5
8745/3;Десмопластическая меланома, злокачественная (С44._);503;5
8746/3;Лентигинозная меланома слизистых оболочек;504;5
8761/3;Злокачественная меланома, возникшая в гигантском врожеденном невусе;509;5
8770/3;Злокачественная опухоль Шпиц (Спиц);512;5
8771/3;Эпителиоидноклеточная меланома;514;5
8772/3;Веретеноклеточная меланома, БДУ;516;5
8773/3;Веретеноклеточная меланома, тип A (С69._);517;5
8774/3;Веретеноклеточная меланома, тип B (С69._);518;5
8780/3;Меланома, возникшая в голубом невусе;520;5
8800/3;Саркома, БДУ;524;5
8801/3;Веретенколеточная сарокма, недифференцированная;526;5
8802/3;Полиморфноклеточная саркома, недифференцированная;527;5
8803/3;Круглоклеточная саркома, недифференцированная;528;5
8804/3;Эпителиоидная саркома, недифференцирвоанная;529;5
8805/3;Недифференцированная саркома;530;5
8806/3;Десмопластическая мелко-круглоклеточная опухоль;531;5
8810/3;Фибросаркома, БДУ;535;5
8811/3;Миксофибросаркома;537;5
8812/3;Периостальная фибросаркома (С40._, С41._ );539;5
8813/3;Фасциальная фибросаркома;541;5
8814/3;Инфантильная фибросаркома;542;5
8815/3;Солитарная фиброзная опухоль/геменгиоперицитома, Grade 3;544;5
8825/3;Миофибробластическая саркома;1198;5
8830/3;Недифференцированная плеоморфная саркома кости высокой степени злокачественности;557;5
8832/3;Выбухающая дерматофибросаркома, фибросаркоматозная;560;5
8840/3;Фибромиксоидная саркома низкой степени злокачественности;567;5
8842/3;Оссифицирующая фибромиксоидная опухоль, злокачественная;1203;5
8850/3;Липосаркома, БДУ;573;5
8851/3;Липосаркома, высокодифференцированная, БДУ;575;5
8852/3;Миксоидная липосаркома;577;5
8853/3;Круглоклеточная липосаркома;578;5
8854/3;Плеоморфная липосаркома;580;5
8855/3;Смешанная липосаркома;581;5
8857/3;Фибробластическая липосаркома;584;5
8858/3;Дедифференцированная липосаркома;585;5
8890/3;Лейомиосаркома, БДУ;595;5
8891/3;Эпителиоидная лейомиосаркома;597;5
8894/3;Ангиомиосаркома;601;5
8895/3;Миосаркома;603;5
8896/3;Миксоидная лейомиосаркома;604;5
8900/3;Рабдомиосаркома, БДУ;608;5
8901/3;Плеоморфная рабдомиосаркома, взрослый тип;609;5
8902/3;Рабдомиосаркома смешанного типа;610;5
8910/3;Эмбриональная рабдомиосаркома, БДУ;614;5
8912/3;Склерозирующая рабдомиосаркома;615;5
8920/3;Альвеолярная рабдомиосаркома;616;5
8921/3;Эктомезенхимома;617;5
8930/3;Эндометриальная стромальная саркома (С54.1);620;5
8931/3;Эндометриальная стромальная саркома низкой степени злокачественности (С54.1);621;5
8933/3;Аденосаркома;623;5
8934/3;Карцинофиброма;624;5
8935/3;Стромальная саркома, БДУ;627;5
8936/3;Гастроинтестинальная стромальная опухоль;630;5
8940/3;Смешанная опухоль, злокачественная, БДУ;632;5
8941/3;Карцинома из плеоморфной аденомы;633;5
8950/3;Мюллеровская смешанная опухоль (С54._);634;5
8951/3;Мезодермальная смешанная опухоль;635;5
8959/3;Злокачественная кистозная нефрома (С64.9);638;5
8960/3;Нефробластома, БДУ (С64.9);640;5
8963/3;Рабдоидная опухоль, БДУ;641;5
8964/3;Светлоклеточная саркома почки (С64.9);642;5
8970/3;Гепатобластома (С22.0);646;5
8971/3;Панкреатобластома (С25._);647;5
8972/3;Легочная бластома (С34._);648;5
8973/3;Плевролегочная бластома;649;5
8980/3;Карциносаркома, БДУ;652;5
8981/3;Карциносаркома, эмбриональная;653;5
8982/3;Миоэпителиальная карцинома;655;5
8983/3;Аденомиоэпителиома с карциномой;1207;5
8990/3;Фосфатурическая мезенхимальная опухоль, злокачественная;659;5
8991/3;Эмбриональная саркома, БДУ;660;5
9000/3;Опухоль Бреннера, злокачественная (С56.9);664;5
9014/3;Серозная аденокарцинофиброма;671;5
9015/3;Муцинозная аденокарцинофиброма;674;5
9020/3;Перидуктальная стромальная опухоль, низкой степени злокачественности;678;5
9040/3;Синовиальная саркома, БДУ;682;5
9041/3;Синовиальная саркома, веретеноклеточная;683;5
9042/3;Синовиальная саркома, эпителиоидно-клеточная;684;5
9043/3;Синовиальная саркома, бифазная;685;5
9044/3;Злокачественная меланома мягких тканей;686;5
9045/3;Бифенотипическая синоназальная саркома;1209;5
9050/3;Мезотелиома, злокачественная;689;5
9051/3;Фиброзная мезотелиома, злокачественная;691;5
9052/3;Эпителиоидная мезотелиома, злокачественная;693;5
9053/3;Мезотелиома, бифазная, злокачественная;694;5
9060/3;Дисгерминома;699;5
9061/3;Семинома, БДУ (С62._);700;5
9062/3;Семинома, анапластическая (С62._);701;5
9063/3;Сперматоцитарная семинома (С62._);702;5
9064/3;Герминома;704;5
9065/3;Герминогенная опухоль, несеминомная (С62._);705;5
9070/3;Эмбриональный рак, БДУ;706;5
9071/3;Опухоль желточного мешка;707;5
9072/3;Полиэмбриома;708;5
9080/3;Тератома, злокачественная, БДУ;712;5
9081/3;Тератокарцинома;713;5
9082/3;Злокачественная тератома, недифференцированная;714;5
9083/3;Злокачественная тератома, промежуточная;715;5
9084/3;Тератома со злокачественной трансформацией;717;5
9085/3;Смешанная герминогенная опухоль;718;5
9086/3;Герминальноклеточная опухоль, ассоциирвоанная с гематологическими опухолями;1211;5
9090/3;Струма яичника, злокачественная (С56.9);720;5
9100/3;Хориокарцинома, БДУ;725;5
9101/3;Хориокарцинома в сочетании с другими герминогенными опухолями;726;5
9102/3;Злокачественная тератома, трофобластическая;727;5
9105/3;Трофобластическая опухоль, эпителиоидная;730;5
9110/3;Аденокарцинома сети яичника;734;5
9120/3;Гемангиосаркома;737;5
9124/3;Саркома из клеток Купфера (С22.0);741;5
9130/3;Гемангиоэндотелиома, злокачественная;745;5
9133/3;Эпителиоидная гемангиоэндотелиома, БДУ;749;5
9137/3;Интимальная саркома;1213;5
9140/3;Саркома Капоши;752;5
9170/3;Лимфангиосаркома;763;5
9180/3;Остеосаркома, БДУ (С40._, С41._);772;5
9181/3;Хондробластическая остеосаркома (С40._, С41._);773;5
9182/3;Фибробластическая остеосаркома (С40._, С41._);774;5
9183/3;Телеангиэктатическая остеосаркома (С40._, С41._);775;5
9184/3;Остеосаркома при болезни Педжета костей (С40._, С41._);776;5
9185/3;Мелкоклеточная остеосаркома (С40._, С41._);777;5
9186/3;Центральная остеосаркома (С40._, С41._);778;5
9187/3;Центральняа остеогенная саркома низкой степени злокачественности;779;5
9192/3;Паростальная остеосаркома (С40._, С41._);781;5
9193/3;Периостальная остеосаркома (С40._, С41._);782;5
9194/3;Поверхностная остеосаркома высокой степени злокачественности (С40._, С41._);783;5
9195/3;Интракортикальная остеосаркома (С40._, С41._);784;5
9220/3;Хондросаркома, Grade 2;791;5
9221/3;Периостеальная ходросаркома;793;5
9230/3;Хондробластома, злокачественная (С40._, С41._);795;5
9231/3;Миксоидная хондросаркома;796;5
9240/3;Мезенхимальная хондросаркома;797;5
9242/3;Светлоклеточная хондросаркома (С40._, С41._);799;5
9243/3;Дедифференцированная хондросаркома (С40._, С41._);800;5
9250/3;Гигантоклеточная опухоль костей, злокачественная (С40._, С41._);803;5
9251/3;Злокачественная гигантоклеточная опухоль мягких тканей;805;5
9252/3;Злокачественная теносиновиальная гигантоклеточная опухоль (С49._);807;5
9261/3;Адамантинома длинных костей (С40._);810;5
9270/3;Одонтогенная опухоль, злокачественная;815;5
9290/3;Амелобластическая одонтосаркома;825;5
9310/3;Амелобластома, метастазирующая;830;5
9330/3;Амелобластическая фибросаркома;837;5
9341/3;Светлоклеточная одонтогенная карцинома;1222;5
9342/3;Одонтогенная карциносаркома;840;5
9362/3;Пинеобластома (С75.3);847;5
9364/3;Саркома Юинга;849;5
9365/3;Опухоль Аскина;850;5
9370/3;Хордома, БДУ;851;5
9371/3;Хондроидная хордома;852;5
9372/3;Дедифференцированная хордома;853;5
9380/3;Глиома, злокачественная (С71._);856;5
9381/3;Глиоматоз мозга (С71._);857;5
9382/3;Олигоастроцитома, БДУ;858;5
9385/3;Диффузная срединная глиома, с мутацией Н3 К27М;1224;5
9390/3;Рак сосудистого сплетения (С71.5);863;5
9391/3;Эпендимома, БДУ (С71._);864;5
9392/3;Эпендимома, анапластическая (С71._);865;5
9393/3;Папиллярная эпендимома (С71._);866;5
9395/3;Папиллярная опухоль пинеальной области;868;5
9396/3;Эпендимома, позитивная по RELA-fusion;1226;5
9400/3;Диффузная астроцитома с мутацией IDH;869;5
9401/3;Астроцитома, анапластическая, с мутацией IDH;870;5
9410/3;Протоплазматическая астроцитома (С71._);871;5
9411/3;Гемистоцитарная астроцитома, с мутацией IDH;872;5
9420/3;Фибриллярная астроцитома (С71._);875;5
9423/3;Полярная спонгиобластома (С71._);877;5
9424/3;Анапластическая плеоморфная ксантоастроцитома;878;5
9425/3;Пиломиксоидная астроцитома;879;5
9430/3;Астробластома (С71._);880;5
9440/3;Эпителиоидная глиобластома;883;5
9441/3;Гигантоклеточная глиобластома (С71._);884;5
9442/3;Глиосаркома (С71._);886;5
9445/3;Глиобластома, с мутацией IDH;1227;5
9450/3;Олиогодендроглиома, с мутацией IDH и сочетанной делецией 1p/19q;888;5
9451/3;Олигодендроглиома, анапластическая, с мутацией IDH и сочетанной делецией 1p/19q;889;5
9460/3;Олигодендробластома [уст. ] (С71._);890;5
9470/3;Классическая медуллобластома;891;5
9471/3;Медуллобластома, с активацией SHH-пути и дикого типа по ТР53;892;5
9472/3;Медулломиобластома (С71.6);893;5
9473/3;Эмбриональная опухоль ЦНС, БДУ;894;5
9474/3;Крупноклеточная медуллобластома (С71.6);895;5
9475/3;Медуллобластома, с активацией WNT-пути, БДУ;1228;5
9476/3;Медуллобластома, с активацией SHН-пути и мутацией ТР53;1229;5
9477/3;Медуллобластома, без активации WNT/SHH-пути;1230;5
9478/3;Эмбриональная опухоль с многослойными розетками и перестройкой С19МС;1231;5
9480/3;Саркома мозжечка, БДУ (С71.6) [уст.];896;5
9490/3;Ганглионейробластома;899;5
9500/3;Нейробластома, БДУ;903;5
9501/3;Медуллоэпителиома, БДУ;905;5
9502/3;Тератоидная медуллоэпителиома;907;5
9503/3;Нейроэпителиома, БДУ;908;5
9504/3;Спонгионейробластома;909;5
9505/3;Ганглиоглиома, анапластическая;911;5
9508/3;Эмбриональная опухоль ЦНС с рабдиоидными чертами;914;5
9510/3;Ретинобластома, БДУ (С69.2);917;5
9511/3;Ретинобластома, дифференцированная (С69.2);918;5
9512/3;Ретинобластома, недифференцированная (С69.2);919;5
9513/3;Ретинобластома, диффузная (С69.2);920;5
9520/3;Ольфакторная нейрогенная опухоль (С30.0);922;5
9521/3;Ольфакторная нейроцитома (С30.0);923;5
9522/3;Ольфакторная нейробластома (С30.0);924;5
9523/3;Ольфакторная нейроэпителиома (С30.0);925;5
9530/3;Менингиома, злокачественная;929;5
9538/3;Папиллярная менингиома;937;5
9539/3;Менингеальный саркоматоз;939;5
9540/3;Злокачественная опухоль оболочек периферических нервов;943;5
9542/3;Злокачественная опухоль из оболочек периферических нервов, эпителиоидная;1232;5
9560/3;Неврилеммома, злокачественная [уст.];948;5
9561/3;Злокачественная опухоль оболочек периферических нервов с рабдомиобластической дифференцировкой;949;5
9571/3;Периневриома, злокачественная;953;5
9580/3;Зернистоклеточная опухоль, злокачественная;956;5
9581/3;Альвеолярная саркома мягких тканей;957;5
8000/3;Новообразование, злокачественное;4;6
8001/3;Опухолевые клетки, злокачественные;9;6
8002/3;Злокачественная опухоль, мелкоклеточная;10;6
8003/3;Злокачественная опухоль, гигантоклеточная;11;6
8004/3;Злокачественная опухоль, веретеноклеточная;12;6
8005/3;Злокачественная опухоль, светлоклеточная;14;6
8010/3;Рак, БДУ;18;6
8010/6;Рак, метастатический, БДУ;19;6
8011/3;Эпителиома, злокачественная;22;6
8012/3;Крупноклеточный рак, БДУ;23;6
8013/3;Комбинированный крупноклеточный нейроэндокринный рак;24;6
8014/3;Крупноклеточный рабдоидный рак;25;6
8015/3;Стекловидноклеточный рак;26;6
8020/3;Рак, недифференцированный, БДУ (неуточненный);27;6
8021/3;Рак, анапластический, БДУ;28;6
8022/3;Плеоморфный рак;29;6
8023/3;NUT-ассоциированная карцинома;1136;6
8030/3;Гигантоклеточный и веретеноклеточный рак;30;6
8031/3;Гигантоклеточный рак;31;6
8032/3;Веретеноклеточный рак;32;6
8033/3;Псевдосаркоматозный рак;33;6
8034/3;Полигональноклеточный рак;34;6
8035/3;Рак из остеокластоподобных гигантских клеток;35;6
8041/3;Мелкоклеточный рак, БДУ;38;6
8042/3;Овсяноклеточный рак (С34._);39;6
8043/3;Мелкоклеточный рак, веретеноклеточный;40;6
8044/3;Мелкоклеточный рак, гиперкальциемического типа;41;6
8045/3;Комбинированный мелкоклеточный рак;42;6
8046/3;Немелкоклеточный рак (С34._);43;6
8050/3;Папиллярный рак, БДУ;47;6
8051/3;Бородавчатый рак, БДУ;49;6
8052/3;Папиллярный плоскоклеточный рак;52;6
8054/3;Бородавчатая карцинома;1138;6
8070/3;Плоскоклеточный рак, БДУ;56;6
8070/6;Плоскоклеточный рак, метастатический, БДУ;57;6
8071/3;Кератоакантома;58;6
8072/3;Плоскоклеточный рак, крупноклеточный неороговевающий, БДУ;59;6
8073/3;Плоскоклеточный рак, мелкоклеточный, неороговевающий;60;6
8074/3;Псевдососудистый плоскоклеточный рак;61;6
8075/3;Плоскоклеточный рак, аденоидный;62;6
8076/3;Плоскоклеточный рак микроинвазивный;64;6
8078/3;Плоскоклеточный рак с ороговением;67;6
8082/3;Лимфоэпителиальный рак;70;6
8083/3;Папиллярно-базалоидная карцинома;71;6
8084/3;Плоскоклеточный рак, светлоклеточный;72;6
8085/3;Плоскоклеточный рак, HPV-позитивный;1143;6
8086/3;Плоскоклеточный рак, HPV-негативный;1144;6
8090/3;Базальноклеточный рак с придатковой дифференцировкой;75;6
8091/3;Поверхностный базальноклеточный рак;76;6
8092/3;Инфильтративный базальноклеточный рак, БДУ (С44._);77;6
8093/3;Базальноклеточный рак, фиброэпителиальный (С44._);78;6
8094/3;Базально-плоскоклеточный рак (С44._);79;6
8095/3;Метатипический рак (С44._);80;6
8097/3;Базальноклеточный рак, нодулярная (узловая) форма (С44._);82;6
8098/3;Аденоидная базалиома (С53._);83;6
8100/3;Трихобластическая карцинома;1145;6
8102/3;Трихолеммокарцинома (С44._);87;6
8110/3;Пиломатрикальная карцинома;90;6
8120/3;Плоско-переходноклеточная карцинома;95;6
8121/3;Рак Шнейдера (С30.0, С31._);98;6
8122/3;Уротелиальная карцинома, саркоматоидная;99;6
8123/3;Базалиоидный рак;100;6
8124/3;Клоакогенный рак (С21.2);101;6
8130/3;Папиллярный переходно-клеточный рак (С67._);104;6
8131/3;Уротелиальная карцинома, микропапиллярная;105;6
8140/3;Аденокарцинома, обычный тип;110;6
8140/6;Аденокарцинома, метастатическая, БДУ;111;6
8141/3;Скиррозная аденокарцинома;112;6
8142/3;Пластический линит (С16._);113;6
8143/3;Поверхностно распространяющаяся аденокарцинома;114;6
8144/3;Аденокарцинома, кишечная;115;6
8145/3;Рак, диффузный тип (С16._);116;6
8147/3;Базальноклеточная аденокарцинома;119;6
8150/3;Нейроэндокринная опухоль поджелудочной железы, нефункционирующая;125;6
8151/3;Инсулинома, БДУ;127;6
8152/3;Опухоль, продуцирующая глюкагоноподобный пептид;129;6
8153/3;Гастринома, БДУ;131;6
8154/3;Смешанная эндокринная и экзокринная опухоль поджелудочной железы, злокачественная (С25._);132;6
8155/3;ВИПома, БДУ;134;6
8156/3;Соматостатинома, БДУ;136;6
8158/3;АКТГ-продуцирующая опухоль;1149;6
8160/3;Холангиокарцинома (С22.1, С24.0);139;6
8161/3;Цистаденокарцинома желчного протока (С22.1, С24.0);141;6
8162/3;Опухоль Клацкина (С22.1, С24.0);142;6
8163/3;Панкреатобилиарный рак (С24.1);145;6
8170/3;Гепатоцеллюлярный рак, БДУ (С22.0);147;6
8171/3;Гепатоцеллюлярный рак, фиброламеллярный (С22.0);148;6
8172/3;Гепатоцеллюлярный рак, скиррозный (С22.0);149;6
8173/3;Гепатоцеллюлярный рак, веретеноклеточный вариант (С22.0);150;6
8174/3;Гепатоцеллюлярный рак, светлоклеточный вариант (С22.0);151;6
8175/3;Гепатоцеллюлярный рак, плеоморфный вариант (С22.0);152;6
8180/3;Смешанный гепатоцеллюлярный рак и холангиокарцинома (С22.0);153;6
8190/3;Трабекулярная аденокарцинома;155;6
8200/3;Рак тимуса с чертами, напоминающими аденокистозный рак;158;6
8201/3;Криброзный рак, БДУ;160;6
8210/3;Аденокарцинома в аденоматозном полипе;165;6
8211/3;Тубулярная аденокарцинома;167;6
8213/3;Зубчатая аденокарцинома;170;6
8214/3;Париетально-клеточный рак (С16._);171;6
8215/3;Аденокарцинома анальных желез (С21.1);172;6
8220/3;Аденокарцинома в аденоматозном полипе толстой кишки (С18._);174;6
8221/3;Аденокарцинома в множественных аденоматозных полипах;176;6
8230/3;Солидная аденокарцинома, БДУ;178;6
8231/3;Простой рак (Carcinoma simplex);179;6
8240/3;Нейроэндокринная опухоль, БДУ;181;6
8241/3;Карциноидная опухоль, аргентафинная;182;6
8242/3;Опухоль из энтерохромаффиноподобных клеток, злокачественная;184;6
8243/3;Карциноид из бокаловидных клеток;185;6
8244/3;Смешанные карциноид и аденокарцинома;186;6
8245/3;Аденокарциноидная опухоль;188;6
8246/3;Низкодифференцированная нейроэндокринная опухоль;189;6
8247/3;Рак из клеток Меркеля (С44._);190;6
8249/3;Нейроэндокринная опухоль, Grade 2;192;6
8250/3;Аденокарцинома со стелющимся типом роста;194;6
8251/3;Альвеолярная аденокарцинома (С34._);196;6
8252/3;Бронхиоло-альвеолярный рак, немуцинозный (С34._);197;6
8253/3;Аденокарцинома легого in situ, муцинозная;198;6
8254/3;Аденокарцинома легкого смешанная: муцинозная и немуцинозная;199;6
8255/3;Аденокарцинома со смешанными подтипами;200;6
8256/3;Минимальноинвазивная аденокарцинома, немуцинозная;1153;6
8257/3;Минимальноинвазивная аденокарцинома, муцинозная;1154;6
8260/3;Папиллярная аденокарцинома, БДУ;202;6
8261/3;Аденокарцинома при ворсинчатой аденоме;205;6
8262/3;Ворсинчатая аденокарцинома;206;6
8263/3;Виллогландулярная карцинома;209;6
8265/3;Микропапиллярная аденокарцинома;211;6
8270/3;Хромофобный рак (С75.1);213;6
8272/3;Рак гипофиза, БДУ (С75.1);216;6
8273/3;Бластома гипофиза;1156;6
8280/3;Рак из ацидофильных клеток (С75.1);218;6
8281/3;Смешанный ацидофильно-базофильный рак (С75.1);220;6
8290/3;Оксифильная аденокарцинома;222;6
8300/3;Рак из базофильных клеток (С75.1);224;6
8310/3;Светлоклеточный почечноклеточный рак;226;6
8311/3;Почечноклеточный рак, ассоциирвоанный с наследственным лейомиоматозом и почечноклеточным раком;1157;6
8312/3;Почечноклеточный рак, неклассифицируемый;228;6
8313/3;Светлоклеточная аденокарцинофиброма (С56.9);231;6
8314/3;Липид-секретирующий рак (С50._);232;6
8315/3;Светлоклеточная карцинома богатая гликогеном;233;6
8316/3;Почечноклеточный рак, ассоциированный с приобретенной кистозной болезнью;234;6
8317/3;Почечно-клеточный рак, хромофобный (С64.9);235;6
8318/3;Почечно-клеточный рак, саркомоподобный (С64.9);236;6
8319/3;Рак собирательных трубочек почки (С64.9);237;6
8320/3;Зернистоклеточный рак;238;6
8322/3;Водянисто-светлоклеточная аденокарцинома (С75.0);241;6
8323/3;Смешанно-клеточная аденокарцинома;243;6
8330/3;Фолликулярная карцинома, БДУ;248;6
8331/3;Фолликулярная аденокарцинома, высокодифференцированная (С73.9);249;6
8332/3;Фолликулярная аденокарцинома, трабекулярная (С73.9);250;6
8333/3;Эмбриональная аденокарцинома;252;6
8335/3;Фолликулярный рак, минимально инвазивный (С73.9);254;6
8337/3;Низкодифференцированный рак щитовидной железы;256;6
8339/3;Фолликулярная карцинома, инкапсулированная, ангиоинвазивная;1162;6
8340/3;Папиллярная и фолликулярная аденокарцинома;257;6
8341/3;Папиллярная микрокарцинома (С73.9);258;6
8342/3;Папиллярная карцинома, онкоцитарный вариант;259;6
8343/3;Папиллярный рак, инкапсулированный (С73.9);260;6
8344/3;Папиллярный рак, цилиндроклеточный (С73.9);261;6
8345/3;Медуллярный рак щитовиднйо железы;262;6
8346/3;Смешанный медуллярно-фолликулярный рак (С73.9);263;6
8347/3;Смешанный медуллярно-папиллярный рак (С73.9);264;6
8350/3;Неинкапсулированный склерозируюший рак (С73.9);265;6
8370/3;Рак коры надпочечника (С74.0);269;6
8380/3;Эндометриоидная аденокарцинома, БДУ;277;6
8381/3;Эндометриоидная аденофиброма, злокачественная;280;6
8382/3;Эндометриоидная аденокарцинома, секретирующий вариант;281;6
8383/3;Эндометриоидная аденокарцинома, из реснитчатых клеток;282;6
8384/3;Аденокарцинома, эндоцервикальная;283;6
8390/3;Придатковая аденокарцинома, БДУ;286;6
8400/3;Аденокарцинома потовой железы (С44._);291;6
8401/3;Апокринная аденокарцинома;293;6
8402/3;Гидраденокарцинома;295;6
8403/3;Злокачественная эккринная спираденома (С44._);297;6
8406/3;Сосочковая сирингоцистаденокарцинома;1166;6
8407/3;Микрокистозная придатковая карцинома;302;6
8408/3;Папиллярная аденокарцинома пальцев;305;6
8409/3;Порокарцинома, БДУ;307;6
8410/3;Себоцейная карцинома;309;6
8413/3;Эккринная аденокарцинома (С44._);310;6
8420/3;Аденокарцинома серных желез (С44.2);312;6
8430/3;Мукоэпидермоидный рак;315;6
8440/3;Цистаденокарцинома, БДУ;318;6
8441/3;Серозняа карцинома, БДУ;320;6
8450/3;Папиллярная цистаденокарцинома, БДУ (С56.9);325;6
8452/3;Солидная псевдопапиллярная опухоль поджелудочной железы;328;6
8453/3;Внутрипротоковый папиллярно-муцинозный рак, инвазивный (С25._);331;6
8460/3;Папиллярная серозная цистаденокарцинома (С56.9);334;6
8461/3;High-grade серозная карцинома;336;6
8470/3;Муцинозная цистаденокарцинома, БДУ (С56.9);341;6
8474/3;Серомуцинозная карцинома;1172;6
8480/3;Муцинозная тубулярная и веретеноклеточная карцинома;348;6
8480/6;Псевдомиксома брюшины;349;6
8481/3;Слизеобразующая аденокарцинома;350;6
8482/3;Муцинозная аденокарцинома, желудочного типа;351;6
8490/3;Перстневидно-клеточный рак;352;6
8490/6;Метастатический перстневидно-клеточный рак;353;6
8500/3;Инвазивный рак молочной железы неспецифицированный;356;6
8501/3;Комедокарцинома, БДУ (С50._);358;6
8502/3;Секреторный рак молочной железы (С50._);359;6
8503/3;Внутрипротоковая папиллярная аденокарцинома с инвазией (С50._);362;6
8504/3;Инкапусалированная папиллярная карцинома с инвазией;365;6
8507/3;Инвазивная микропапиллярная карцинома молочной железы;1173;6
8508/3;Кистозный гиперсекреторный рак (С50._);369;6
8509/3;Солидная папиллярная карцинома с инвазией;1175;6
8510/3;Медуллярноподобная карцинома;370;6
8512/3;Медуллярный рак с лимфоидной стромой;371;6
8513/3;Атипичный медуллярный рак (С50._);372;6
8514/3;Протоковый рак, десмопластический тип;373;6
8520/3;Тубулолобулярная карцинома;375;6
8521/3;Инфильтрирующий дуктулярный рак (С50._);376;6
8522/3;Инфильтрирующий протоковый и дольковый рак (С50._);378;6
8523/3;Инфильтрирующий протоковый рак в сочетании с другими формами рака (С50._);379;6
8524/3;Инфильтрирующий дольковый рак в сочетании с другими формами рака (С50._);380;6
8525/3;Полиморфная аденокарцинома низкой степени злокачественности;381;6
8530/3;Воспалительный рак (С50._);382;6
8540/3;Болезнь Педжета соска;383;6
8541/3;Болезнь Педжета и инфильтрирующий протоковый рак молочной железы (С50._);384;6
8542/3;Болезнь Педжета, экстрамаммарная (за исключением болезни Педжета костей);385;6
8543/3;Болезнь Педжета и внутрипротоковый рак молочной железы (С50._);386;6
8550/3;Ацинарно-клеточный рак;390;6
8551/3;Ацинарная аденокарцинома легкого;391;6
8552/3;Смешанный ацинарно-протоковый рак;392;6
8560/3;Железисто-плоскоклеточный рак;395;6
8562/3;Эпителиально-миоэпителиальный рак;397;6
8570/3;Эндометриоидная карцинома с плоскоклеточной дифференцировкой;398;6
8571/3;Аденокарцинома с хондроидной дифференцировкой;399;6
8572/3;Ацинарная аденокарцинома, саркоматоидный вариант;400;6
8573/3;Аденокарцинома с апокринной метаплазией;401;6
8574/3;Аденокарцинома смешанная с нейроэндокринным раком;402;6
8575/3;Метапластический рак, БДУ;403;6
8576/3;Гепатоидная аденокарцинома;404;6
8580/3;Тимома, БДУ;408;6
8581/3;Тимома, тип А;410;6
8582/3;Тимома, тип АВ;412;6
8583/3;Тимома, тип В1;414;6
8584/3;Тимома, тип В2;416;6
8585/3;Тимома, тип В3;418;6
8586/3;Рак вилочковой железы (тимуса), БДУ (С37.9);419;6
8588/3;Веретеноклеточная эпителиальная опухоль с тимус-подобной дифференцировкой;421;6
8589/3;Тимическая карцинома щитовидной железы;422;6
8600/3;Текома, злокачественная (С56.9);429;6
8620/3;Гранулезоклеточная опухоль яичника взрослого типа;434;6
8630/3;Андробластома, злокачественная;440;6
8631/3;Опухоль из клеток Сертоли-Лейдига, низкодифференцированная;443;6
8634/3;Опухоль из клеток Сертоли-Лейдига, низкодифференцированная, с гетерологичными элементами;447;6
8640/3;Сертоли-клеточный рак (С62._);449;6
8650/3;Лейдиго-клеточная опухоль, злокачественная (С62._);454;6
8670/3;Стероидно-клеточная опухоль, злокачественная;457;6
8680/3;Параганглиома, БДУ;462;6
8681/3;Симпатическая параганглиома;1180;6
8682/3;Парасимпатическая параганглиома;1181;6
8690/3;Параганглиома среднего уха;1182;6
8691/3;Опухоль аортального тельца;1183;6
8692/3;Параганглиома картотидного тельца;1184;6
8693/3;Экстраадренальная параганглиома, БДУ;470;6
8700/3;Феохромоцитома, БДУ (С74.1);472;6
8710/3;Гломангиосаркома;473;6
8711/3;Гломусная опухоль, злокачественная;475;6
8714/3;Периваскулярная эпителиоидная опухоль, злокачественная;1186;6
8720/3;Невоидная меланома;481;6
8721/3;Узловая меланома (С44._);482;6
8722/3;Балонноклеточная меланома (С44._);484;6
8723/3;Злокачественная меланома, регрессирующая (С44._);486;6
8728/3;Менингеальный меланоматоз (С70.9);492;6
8730/3;Амеланотическая меланома (С44._);494;6
8740/3;Злокачественная меланома при пограничном невусе (С44._);496;6
8741/3;Злокачественная меланома при предраковом меланозе (С44._);498;6
8742/3;Лентиго-меланома (С44._);500;6
8743/3;Меланома, ассоциированная с низким уровнем кумулятивного солярного поврежедния;501;6
8744/3;Акральная меланома;502;6
8745/3;Десмопластическая меланома, злокачественная (С44._);503;6
8746/3;Лентигинозная меланома слизистых оболочек;504;6
8761/3;Злокачественная меланома, возникшая в гигантском врожеденном невусе;509;6
8770/3;Злокачественная опухоль Шпиц (Спиц);512;6
8771/3;Эпителиоидноклеточная меланома;514;6
8772/3;Веретеноклеточная меланома, БДУ;516;6
8773/3;Веретеноклеточная меланома, тип A (С69._);517;6
8774/3;Веретеноклеточная меланома, тип B (С69._);518;6
8780/3;Меланома, возникшая в голубом невусе;520;6
8800/3;Саркома, БДУ;524;6
8801/3;Веретенколеточная сарокма, недифференцированная;526;6
8802/3;Полиморфноклеточная саркома, недифференцированная;527;6
8803/3;Круглоклеточная саркома, недифференцированная;528;6
8804/3;Эпителиоидная саркома, недифференцирвоанная;529;6
8805/3;Недифференцированная саркома;530;6
8806/3;Десмопластическая мелко-круглоклеточная опухоль;531;6
8810/3;Фибросаркома, БДУ;535;6
8811/3;Миксофибросаркома;537;6
8812/3;Периостальная фибросаркома (С40._, С41._ );539;6
8813/3;Фасциальная фибросаркома;541;6
8814/3;Инфантильная фибросаркома;542;6
8815/3;Солитарная фиброзная опухоль/геменгиоперицитома, Grade 3;544;6
8825/3;Миофибробластическая саркома;1198;6
8830/3;Недифференцированная плеоморфная саркома кости высокой степени злокачественности;557;6
8832/3;Выбухающая дерматофибросаркома, фибросаркоматозная;560;6
8840/3;Фибромиксоидная саркома низкой степени злокачественности;567;6
8842/3;Оссифицирующая фибромиксоидная опухоль, злокачественная;1203;6
8850/3;Липосаркома, БДУ;573;6
8851/3;Липосаркома, высокодифференцированная, БДУ;575;6
8852/3;Миксоидная липосаркома;577;6
8853/3;Круглоклеточная липосаркома;578;6
8854/3;Плеоморфная липосаркома;580;6
8855/3;Смешанная липосаркома;581;6
8857/3;Фибробластическая липосаркома;584;6
8858/3;Дедифференцированная липосаркома;585;6
8890/3;Лейомиосаркома, БДУ;595;6
8891/3;Эпителиоидная лейомиосаркома;597;6
8894/3;Ангиомиосаркома;601;6
8895/3;Миосаркома;603;6
8896/3;Миксоидная лейомиосаркома;604;6
8900/3;Рабдомиосаркома, БДУ;608;6
8901/3;Плеоморфная рабдомиосаркома, взрослый тип;609;6
8902/3;Рабдомиосаркома смешанного типа;610;6
8910/3;Эмбриональная рабдомиосаркома, БДУ;614;6
8912/3;Склерозирующая рабдомиосаркома;615;6
8920/3;Альвеолярная рабдомиосаркома;616;6
8921/3;Эктомезенхимома;617;6
8930/3;Эндометриальная стромальная саркома (С54.1);620;6
8931/3;Эндометриальная стромальная саркома низкой степени злокачественности (С54.1);621;6
8933/3;Аденосаркома;623;6
8934/3;Карцинофиброма;624;6
8935/3;Стромальная саркома, БДУ;627;6
8936/3;Гастроинтестинальная стромальная опухоль;630;6
8940/3;Смешанная опухоль, злокачественная, БДУ;632;6
8941/3;Карцинома из плеоморфной аденомы;633;6
8950/3;Мюллеровская смешанная опухоль (С54._);634;6
8951/3;Мезодермальная смешанная опухоль;635;6
8959/3;Злокачественная кистозная нефрома (С64.9);638;6
8960/3;Нефробластома, БДУ (С64.9);640;6
8963/3;Рабдоидная опухоль, БДУ;641;6
8964/3;Светлоклеточная саркома почки (С64.9);642;6
8970/3;Гепатобластома (С22.0);646;6
8971/3;Панкреатобластома (С25._);647;6
8972/3;Легочная бластома (С34._);648;6
8973/3;Плевролегочная бластома;649;6
8980/3;Карциносаркома, БДУ;652;6
8981/3;Карциносаркома, эмбриональная;653;6
8982/3;Миоэпителиальная карцинома;655;6
8983/3;Аденомиоэпителиома с карциномой;1207;6
8990/3;Фосфатурическая мезенхимальная опухоль, злокачественная;659;6
8991/3;Эмбриональная саркома, БДУ;660;6
9000/3;Опухоль Бреннера, злокачественная (С56.9);664;6
9014/3;Серозная аденокарцинофиброма;671;6
9015/3;Муцинозная аденокарцинофиброма;674;6
9020/3;Перидуктальная стромальная опухоль, низкой степени злокачественности;678;6
9040/3;Синовиальная саркома, БДУ;682;6
9041/3;Синовиальная саркома, веретеноклеточная;683;6
9042/3;Синовиальная саркома, эпителиоидно-клеточная;684;6
9043/3;Синовиальная саркома, бифазная;685;6
9044/3;Злокачественная меланома мягких тканей;686;6
9045/3;Бифенотипическая синоназальная саркома;1209;6
9050/3;Мезотелиома, злокачественная;689;6
9051/3;Фиброзная мезотелиома, злокачественная;691;6
9052/3;Эпителиоидная мезотелиома, злокачественная;693;6
9053/3;Мезотелиома, бифазная, злокачественная;694;6
9060/3;Дисгерминома;699;6
9061/3;Семинома, БДУ (С62._);700;6
9062/3;Семинома, анапластическая (С62._);701;6
9063/3;Сперматоцитарная семинома (С62._);702;6
9064/3;Герминома;704;6
9065/3;Герминогенная опухоль, несеминомная (С62._);705;6
9070/3;Эмбриональный рак, БДУ;706;6
9071/3;Опухоль желточного мешка;707;6
9072/3;Полиэмбриома;708;6
9080/3;Тератома, злокачественная, БДУ;712;6
9081/3;Тератокарцинома;713;6
9082/3;Злокачественная тератома, недифференцированная;714;6
9083/3;Злокачественная тератома, промежуточная;715;6
9084/3;Тератома со злокачественной трансформацией;717;6
9085/3;Смешанная герминогенная опухоль;718;6
9086/3;Герминальноклеточная опухоль, ассоциирвоанная с гематологическими опухолями;1211;6
9090/3;Струма яичника, злокачественная (С56.9);720;6
9100/3;Хориокарцинома, БДУ;725;6
9101/3;Хориокарцинома в сочетании с другими герминогенными опухолями;726;6
9102/3;Злокачественная тератома, трофобластическая;727;6
9105/3;Трофобластическая опухоль, эпителиоидная;730;6
9110/3;Аденокарцинома сети яичника;734;6
9120/3;Гемангиосаркома;737;6
9124/3;Саркома из клеток Купфера (С22.0);741;6
9130/3;Гемангиоэндотелиома, злокачественная;745;6
9133/3;Эпителиоидная гемангиоэндотелиома, БДУ;749;6
9137/3;Интимальная саркома;1213;6
9140/3;Саркома Капоши;752;6
9170/3;Лимфангиосаркома;763;6
9180/3;Остеосаркома, БДУ (С40._, С41._);772;6
9181/3;Хондробластическая остеосаркома (С40._, С41._);773;6
9182/3;Фибробластическая остеосаркома (С40._, С41._);774;6
9183/3;Телеангиэктатическая остеосаркома (С40._, С41._);775;6
9184/3;Остеосаркома при болезни Педжета костей (С40._, С41._);776;6
9185/3;Мелкоклеточная остеосаркома (С40._, С41._);777;6
9186/3;Центральная остеосаркома (С40._, С41._);778;6
9187/3;Центральняа остеогенная саркома низкой степени злокачественности;779;6
9192/3;Паростальная остеосаркома (С40._, С41._);781;6
9193/3;Периостальная остеосаркома (С40._, С41._);782;6
9194/3;Поверхностная остеосаркома высокой степени злокачественности (С40._, С41._);783;6
9195/3;Интракортикальная остеосаркома (С40._, С41._);784;6
9220/3;Хондросаркома, Grade 2;791;6
9221/3;Периостеальная ходросаркома;793;6
9230/3;Хондробластома, злокачественная (С40._, С41._);795;6
9231/3;Миксоидная хондросаркома;796;6
9240/3;Мезенхимальная хондросаркома;797;6
9242/3;Светлоклеточная хондросаркома (С40._, С41._);799;6
9243/3;Дедифференцированная хондросаркома (С40._, С41._);800;6
9250/3;Гигантоклеточная опухоль костей, злокачественная (С40._, С41._);803;6
9251/3;Злокачественная гигантоклеточная опухоль мягких тканей;805;6
9252/3;Злокачественная теносиновиальная гигантоклеточная опухоль (С49._);807;6
9261/3;Адамантинома длинных костей (С40._);810;6
9270/3;Одонтогенная опухоль, злокачественная;815;6
9290/3;Амелобластическая одонтосаркома;825;6
9310/3;Амелобластома, метастазирующая;830;6
9330/3;Амелобластическая фибросаркома;837;6
9341/3;Светлоклеточная одонтогенная карцинома;1222;6
9342/3;Одонтогенная карциносаркома;840;6
9362/3;Пинеобластома (С75.3);847;6
9364/3;Саркома Юинга;849;6
9365/3;Опухоль Аскина;850;6
9370/3;Хордома, БДУ;851;6
9371/3;Хондроидная хордома;852;6
9372/3;Дедифференцированная хордома;853;6
9380/3;Глиома, злокачественная (С71._);856;6
9381/3;Глиоматоз мозга (С71._);857;6
9382/3;Олигоастроцитома, БДУ;858;6
9385/3;Диффузная срединная глиома, с мутацией Н3 К27М;1224;6
9390/3;Рак сосудистого сплетения (С71.5);863;6
9391/3;Эпендимома, БДУ (С71._);864;6
9392/3;Эпендимома, анапластическая (С71._);865;6
9393/3;Папиллярная эпендимома (С71._);866;6
9395/3;Папиллярная опухоль пинеальной области;868;6
9396/3;Эпендимома, позитивная по RELA-fusion;1226;6
9400/3;Диффузная астроцитома с мутацией IDH;869;6
9401/3;Астроцитома, анапластическая, с мутацией IDH;870;6
9410/3;Протоплазматическая астроцитома (С71._);871;6
9411/3;Гемистоцитарная астроцитома, с мутацией IDH;872;6
9420/3;Фибриллярная астроцитома (С71._);875;6
9423/3;Полярная спонгиобластома (С71._);877;6
9424/3;Анапластическая плеоморфная ксантоастроцитома;878;6
9425/3;Пиломиксоидная астроцитома;879;6
9430/3;Астробластома (С71._);880;6
9440/3;Эпителиоидная глиобластома;883;6
9441/3;Гигантоклеточная глиобластома (С71._);884;6
9442/3;Глиосаркома (С71._);886;6
9445/3;Глиобластома, с мутацией IDH;1227;6
9450/3;Олиогодендроглиома, с мутацией IDH и сочетанной делецией 1p/19q;888;6
9451/3;Олигодендроглиома, анапластическая, с мутацией IDH и сочетанной делецией 1p/19q;889;6
9460/3;Олигодендробластома [уст. ] (С71._);890;6
9470/3;Классическая медуллобластома;891;6
9471/3;Медуллобластома, с активацией SHH-пути и дикого типа по ТР53;892;6
9472/3;Медулломиобластома (С71.6);893;6
9473/3;Эмбриональная опухоль ЦНС, БДУ;894;6
9474/3;Крупноклеточная медуллобластома (С71.6);895;6
9475/3;Медуллобластома, с активацией WNT-пути, БДУ;1228;6
9476/3;Медуллобластома, с активацией SHН-пути и мутацией ТР53;1229;6
9477/3;Медуллобластома, без активации WNT/SHH-пути;1230;6
9478/3;Эмбриональная опухоль с многослойными розетками и перестройкой С19МС;1231;6
9480/3;Саркома мозжечка, БДУ (С71.6) [уст.];896;6
9490/3;Ганглионейробластома;899;6
9500/3;Нейробластома, БДУ;903;6
9501/3;Медуллоэпителиома, БДУ;905;6
9502/3;Тератоидная медуллоэпителиома;907;6
9503/3;Нейроэпителиома, БДУ;908;6
9504/3;Спонгионейробластома;909;6
9505/3;Ганглиоглиома, анапластическая;911;6
9508/3;Эмбриональная опухоль ЦНС с рабдиоидными чертами;914;6
9510/3;Ретинобластома, БДУ (С69.2);917;6
9511/3;Ретинобластома, дифференцированная (С69.2);918;6
9512/3;Ретинобластома, недифференцированная (С69.2);919;6
9513/3;Ретинобластома, диффузная (С69.2);920;6
9520/3;Ольфакторная нейрогенная опухоль (С30.0);922;6
9521/3;Ольфакторная нейроцитома (С30.0);923;6
9522/3;Ольфакторная нейробластома (С30.0);924;6
9523/3;Ольфакторная нейроэпителиома (С30.0);925;6
9530/3;Менингиома, злокачественная;929;6
9538/3;Папиллярная менингиома;937;6
9539/3;Менингеальный саркоматоз;939;6
9540/3;Злокачественная опухоль оболочек периферических нервов;943;6
9542/3;Злокачественная опухоль из оболочек периферических нервов, эпителиоидная;1232;6
9560/3;Неврилеммома, злокачественная [уст.];948;6
9561/3;Злокачественная опухоль оболочек периферических нервов с рабдомиобластической дифференцировкой;949;6
9571/3;Периневриома, злокачественная;953;6
9580/3;Зернистоклеточная опухоль, злокачественная;956;6
9581/3;Альвеолярная саркома мягких тканей;957;6
8000/3;Новообразование, злокачественное;4;7
8001/3;Опухолевые клетки, злокачественные;9;7
8002/3;Злокачественная опухоль, мелкоклеточная;10;7
8003/3;Злокачественная опухоль, гигантоклеточная;11;7
8004/3;Злокачественная опухоль, веретеноклеточная;12;7
8005/3;Злокачественная опухоль, светлоклеточная;14;7
8010/3;Рак, БДУ;18;7
8010/6;Рак, метастатический, БДУ;19;7
8011/3;Эпителиома, злокачественная;22;7
8012/3;Крупноклеточный рак, БДУ;23;7
8013/3;Комбинированный крупноклеточный нейроэндокринный рак;24;7
8014/3;Крупноклеточный рабдоидный рак;25;7
8015/3;Стекловидноклеточный рак;26;7
8020/3;Рак, недифференцированный, БДУ (неуточненный);27;7
8021/3;Рак, анапластический, БДУ;28;7
8022/3;Плеоморфный рак;29;7
8023/3;NUT-ассоциированная карцинома;1136;7
8030/3;Гигантоклеточный и веретеноклеточный рак;30;7
8031/3;Гигантоклеточный рак;31;7
8032/3;Веретеноклеточный рак;32;7
8033/3;Псевдосаркоматозный рак;33;7
8034/3;Полигональноклеточный рак;34;7
8035/3;Рак из остеокластоподобных гигантских клеток;35;7
8041/3;Мелкоклеточный рак, БДУ;38;7
8042/3;Овсяноклеточный рак (С34._);39;7
8043/3;Мелкоклеточный рак, веретеноклеточный;40;7
8044/3;Мелкоклеточный рак, гиперкальциемического типа;41;7
8045/3;Комбинированный мелкоклеточный рак;42;7
8046/3;Немелкоклеточный рак (С34._);43;7
8050/3;Папиллярный рак, БДУ;47;7
8051/3;Бородавчатый рак, БДУ;49;7
8052/3;Папиллярный плоскоклеточный рак;52;7
8054/3;Бородавчатая карцинома;1138;7
8070/3;Плоскоклеточный рак, БДУ;56;7
8070/6;Плоскоклеточный рак, метастатический, БДУ;57;7
8071/3;Кератоакантома;58;7
8072/3;Плоскоклеточный рак, крупноклеточный неороговевающий, БДУ;59;7
8073/3;Плоскоклеточный рак, мелкоклеточный, неороговевающий;60;7
8074/3;Псевдососудистый плоскоклеточный рак;61;7
8075/3;Плоскоклеточный рак, аденоидный;62;7
8076/3;Плоскоклеточный рак микроинвазивный;64;7
8078/3;Плоскоклеточный рак с ороговением;67;7
8082/3;Лимфоэпителиальный рак;70;7
8083/3;Папиллярно-базалоидная карцинома;71;7
8084/3;Плоскоклеточный рак, светлоклеточный;72;7
8085/3;Плоскоклеточный рак, HPV-позитивный;1143;7
8086/3;Плоскоклеточный рак, HPV-негативный;1144;7
8090/3;Базальноклеточный рак с придатковой дифференцировкой;75;7
8091/3;Поверхностный базальноклеточный рак;76;7
8092/3;Инфильтративный базальноклеточный рак, БДУ (С44._);77;7
8093/3;Базальноклеточный рак, фиброэпителиальный (С44._);78;7
8094/3;Базально-плоскоклеточный рак (С44._);79;7
8095/3;Метатипический рак (С44._);80;7
8097/3;Базальноклеточный рак, нодулярная (узловая) форма (С44._);82;7
8098/3;Аденоидная базалиома (С53._);83;7
8100/3;Трихобластическая карцинома;1145;7
8102/3;Трихолеммокарцинома (С44._);87;7
8110/3;Пиломатрикальная карцинома;90;7
8120/3;Плоско-переходноклеточная карцинома;95;7
8121/3;Рак Шнейдера (С30.0, С31._);98;7
8122/3;Уротелиальная карцинома, саркоматоидная;99;7
8123/3;Базалиоидный рак;100;7
8124/3;Клоакогенный рак (С21.2);101;7
8130/3;Папиллярный переходно-клеточный рак (С67._);104;7
8131/3;Уротелиальная карцинома, микропапиллярная;105;7
8140/3;Аденокарцинома, обычный тип;110;7
8140/6;Аденокарцинома, метастатическая, БДУ;111;7
8141/3;Скиррозная аденокарцинома;112;7
8142/3;Пластический линит (С16._);113;7
8143/3;Поверхностно распространяющаяся аденокарцинома;114;7
8144/3;Аденокарцинома, кишечная;115;7
8145/3;Рак, диффузный тип (С16._);116;7
8147/3;Базальноклеточная аденокарцинома;119;7
8150/3;Нейроэндокринная опухоль поджелудочной железы, нефункционирующая;125;7
8151/3;Инсулинома, БДУ;127;7
8152/3;Опухоль, продуцирующая глюкагоноподобный пептид;129;7
8153/3;Гастринома, БДУ;131;7
8154/3;Смешанная эндокринная и экзокринная опухоль поджелудочной железы, злокачественная (С25._);132;7
8155/3;ВИПома, БДУ;134;7
8156/3;Соматостатинома, БДУ;136;7
8158/3;АКТГ-продуцирующая опухоль;1149;7
8160/3;Холангиокарцинома (С22.1, С24.0);139;7
8161/3;Цистаденокарцинома желчного протока (С22.1, С24.0);141;7
8162/3;Опухоль Клацкина (С22.1, С24.0);142;7
8163/3;Панкреатобилиарный рак (С24.1);145;7
8170/3;Гепатоцеллюлярный рак, БДУ (С22.0);147;7
8171/3;Гепатоцеллюлярный рак, фиброламеллярный (С22.0);148;7
8172/3;Гепатоцеллюлярный рак, скиррозный (С22.0);149;7
8173/3;Гепатоцеллюлярный рак, веретеноклеточный вариант (С22.0);150;7
8174/3;Гепатоцеллюлярный рак, светлоклеточный вариант (С22.0);151;7
8175/3;Гепатоцеллюлярный рак, плеоморфный вариант (С22.0);152;7
8180/3;Смешанный гепатоцеллюлярный рак и холангиокарцинома (С22.0);153;7
8190/3;Трабекулярная аденокарцинома;155;7
8200/3;Рак тимуса с чертами, напоминающими аденокистозный рак;158;7
8201/3;Криброзный рак, БДУ;160;7
8210/3;Аденокарцинома в аденоматозном полипе;165;7
8211/3;Тубулярная аденокарцинома;167;7
8213/3;Зубчатая аденокарцинома;170;7
8214/3;Париетально-клеточный рак (С16._);171;7
8215/3;Аденокарцинома анальных желез (С21.1);172;7
8220/3;Аденокарцинома в аденоматозном полипе толстой кишки (С18._);174;7
8221/3;Аденокарцинома в множественных аденоматозных полипах;176;7
8230/3;Солидная аденокарцинома, БДУ;178;7
8231/3;Простой рак (Carcinoma simplex);179;7
8240/3;Нейроэндокринная опухоль, БДУ;181;7
8241/3;Карциноидная опухоль, аргентафинная;182;7
8242/3;Опухоль из энтерохромаффиноподобных клеток, злокачественная;184;7
8243/3;Карциноид из бокаловидных клеток;185;7
8244/3;Смешанные карциноид и аденокарцинома;186;7
8245/3;Аденокарциноидная опухоль;188;7
8246/3;Низкодифференцированная нейроэндокринная опухоль;189;7
8247/3;Рак из клеток Меркеля (С44._);190;7
8249/3;Нейроэндокринная опухоль, Grade 2;192;7
8250/3;Аденокарцинома со стелющимся типом роста;194;7
8251/3;Альвеолярная аденокарцинома (С34._);196;7
8252/3;Бронхиоло-альвеолярный рак, немуцинозный (С34._);197;7
8253/3;Аденокарцинома легого in situ, муцинозная;198;7
8254/3;Аденокарцинома легкого смешанная: муцинозная и немуцинозная;199;7
8255/3;Аденокарцинома со смешанными подтипами;200;7
8256/3;Минимальноинвазивная аденокарцинома, немуцинозная;1153;7
8257/3;Минимальноинвазивная аденокарцинома, муцинозная;1154;7
8260/3;Папиллярная аденокарцинома, БДУ;202;7
8261/3;Аденокарцинома при ворсинчатой аденоме;205;7
8262/3;Ворсинчатая аденокарцинома;206;7
8263/3;Виллогландулярная карцинома;209;7
8265/3;Микропапиллярная аденокарцинома;211;7
8270/3;Хромофобный рак (С75.1);213;7
8272/3;Рак гипофиза, БДУ (С75.1);216;7
8273/3;Бластома гипофиза;1156;7
8280/3;Рак из ацидофильных клеток (С75.1);218;7
8281/3;Смешанный ацидофильно-базофильный рак (С75.1);220;7
8290/3;Оксифильная аденокарцинома;222;7
8300/3;Рак из базофильных клеток (С75.1);224;7
8310/3;Светлоклеточный почечноклеточный рак;226;7
8311/3;Почечноклеточный рак, ассоциирвоанный с наследственным лейомиоматозом и почечноклеточным раком;1157;7
8312/3;Почечноклеточный рак, неклассифицируемый;228;7
8313/3;Светлоклеточная аденокарцинофиброма (С56.9);231;7
8314/3;Липид-секретирующий рак (С50._);232;7
8315/3;Светлоклеточная карцинома богатая гликогеном;233;7
8316/3;Почечноклеточный рак, ассоциированный с приобретенной кистозной болезнью;234;7
8317/3;Почечно-клеточный рак, хромофобный (С64.9);235;7
8318/3;Почечно-клеточный рак, саркомоподобный (С64.9);236;7
8319/3;Рак собирательных трубочек почки (С64.9);237;7
8320/3;Зернистоклеточный рак;238;7
8322/3;Водянисто-светлоклеточная аденокарцинома (С75.0);241;7
8323/3;Смешанно-клеточная аденокарцинома;243;7
8330/3;Фолликулярная карцинома, БДУ;248;7
8331/3;Фолликулярная аденокарцинома, высокодифференцированная (С73.9);249;7
8332/3;Фолликулярная аденокарцинома, трабекулярная (С73.9);250;7
8333/3;Эмбриональная аденокарцинома;252;7
8335/3;Фолликулярный рак, минимально инвазивный (С73.9);254;7
8337/3;Низкодифференцированный рак щитовидной железы;256;7
8339/3;Фолликулярная карцинома, инкапсулированная, ангиоинвазивная;1162;7
8340/3;Папиллярная и фолликулярная аденокарцинома;257;7
8341/3;Папиллярная микрокарцинома (С73.9);258;7
8342/3;Папиллярная карцинома, онкоцитарный вариант;259;7
8343/3;Папиллярный рак, инкапсулированный (С73.9);260;7
8344/3;Папиллярный рак, цилиндроклеточный (С73.9);261;7
8345/3;Медуллярный рак щитовиднйо железы;262;7
8346/3;Смешанный медуллярно-фолликулярный рак (С73.9);263;7
8347/3;Смешанный медуллярно-папиллярный рак (С73.9);264;7
8350/3;Неинкапсулированный склерозируюший рак (С73.9);265;7
8370/3;Рак коры надпочечника (С74.0);269;7
8380/3;Эндометриоидная аденокарцинома, БДУ;277;7
8381/3;Эндометриоидная аденофиброма, злокачественная;280;7
8382/3;Эндометриоидная аденокарцинома, секретирующий вариант;281;7
8383/3;Эндометриоидная аденокарцинома, из реснитчатых клеток;282;7
8384/3;Аденокарцинома, эндоцервикальная;283;7
8390/3;Придатковая аденокарцинома, БДУ;286;7
8400/3;Аденокарцинома потовой железы (С44._);291;7
8401/3;Апокринная аденокарцинома;293;7
8402/3;Гидраденокарцинома;295;7
8403/3;Злокачественная эккринная спираденома (С44._);297;7
8406/3;Сосочковая сирингоцистаденокарцинома;1166;7
8407/3;Микрокистозная придатковая карцинома;302;7
8408/3;Папиллярная аденокарцинома пальцев;305;7
8409/3;Порокарцинома, БДУ;307;7
8410/3;Себоцейная карцинома;309;7
8413/3;Эккринная аденокарцинома (С44._);310;7
8420/3;Аденокарцинома серных желез (С44.2);312;7
8430/3;Мукоэпидермоидный рак;315;7
8440/3;Цистаденокарцинома, БДУ;318;7
8441/3;Серозняа карцинома, БДУ;320;7
8450/3;Папиллярная цистаденокарцинома, БДУ (С56.9);325;7
8452/3;Солидная псевдопапиллярная опухоль поджелудочной железы;328;7
8453/3;Внутрипротоковый папиллярно-муцинозный рак, инвазивный (С25._);331;7
8460/3;Папиллярная серозная цистаденокарцинома (С56.9);334;7
8461/3;High-grade серозная карцинома;336;7
8470/3;Муцинозная цистаденокарцинома, БДУ (С56.9);341;7
8474/3;Серомуцинозная карцинома;1172;7
8480/3;Муцинозная тубулярная и веретеноклеточная карцинома;348;7
8480/6;Псевдомиксома брюшины;349;7
8481/3;Слизеобразующая аденокарцинома;350;7
8482/3;Муцинозная аденокарцинома, желудочного типа;351;7
8490/3;Перстневидно-клеточный рак;352;7
8490/6;Метастатический перстневидно-клеточный рак;353;7
8500/3;Инвазивный рак молочной железы неспецифицированный;356;7
8501/3;Комедокарцинома, БДУ (С50._);358;7
8502/3;Секреторный рак молочной железы (С50._);359;7
8503/3;Внутрипротоковая папиллярная аденокарцинома с инвазией (С50._);362;7
8504/3;Инкапусалированная папиллярная карцинома с инвазией;365;7
8507/3;Инвазивная микропапиллярная карцинома молочной железы;1173;7
8508/3;Кистозный гиперсекреторный рак (С50._);369;7
8509/3;Солидная папиллярная карцинома с инвазией;1175;7
8510/3;Медуллярноподобная карцинома;370;7
8512/3;Медуллярный рак с лимфоидной стромой;371;7
8513/3;Атипичный медуллярный рак (С50._);372;7
8514/3;Протоковый рак, десмопластический тип;373;7
8520/3;Тубулолобулярная карцинома;375;7
8521/3;Инфильтрирующий дуктулярный рак (С50._);376;7
8522/3;Инфильтрирующий протоковый и дольковый рак (С50._);378;7
8523/3;Инфильтрирующий протоковый рак в сочетании с другими формами рака (С50._);379;7
8524/3;Инфильтрирующий дольковый рак в сочетании с другими формами рака (С50._);380;7
8525/3;Полиморфная аденокарцинома низкой степени злокачественности;381;7
8530/3;Воспалительный рак (С50._);382;7
8540/3;Болезнь Педжета соска;383;7
8541/3;Болезнь Педжета и инфильтрирующий протоковый рак молочной железы (С50._);384;7
8542/3;Болезнь Педжета, экстрамаммарная (за исключением болезни Педжета костей);385;7
8543/3;Болезнь Педжета и внутрипротоковый рак молочной железы (С50._);386;7
8550/3;Ацинарно-клеточный рак;390;7
8551/3;Ацинарная аденокарцинома легкого;391;7
8552/3;Смешанный ацинарно-протоковый рак;392;7
8560/3;Железисто-плоскоклеточный рак;395;7
8562/3;Эпителиально-миоэпителиальный рак;397;7
8570/3;Эндометриоидная карцинома с плоскоклеточной дифференцировкой;398;7
8571/3;Аденокарцинома с хондроидной дифференцировкой;399;7
8572/3;Ацинарная аденокарцинома, саркоматоидный вариант;400;7
8573/3;Аденокарцинома с апокринной метаплазией;401;7
8574/3;Аденокарцинома смешанная с нейроэндокринным раком;402;7
8575/3;Метапластический рак, БДУ;403;7
8576/3;Гепатоидная аденокарцинома;404;7
8580/3;Тимома, БДУ;408;7
8581/3;Тимома, тип А;410;7
8582/3;Тимома, тип АВ;412;7
8583/3;Тимома, тип В1;414;7
8584/3;Тимома, тип В2;416;7
8585/3;Тимома, тип В3;418;7
8586/3;Рак вилочковой железы (тимуса), БДУ (С37.9);419;7
8588/3;Веретеноклеточная эпителиальная опухоль с тимус-подобной дифференцировкой;421;7
8589/3;Тимическая карцинома щитовидной железы;422;7
8600/3;Текома, злокачественная (С56.9);429;7
8620/3;Гранулезоклеточная опухоль яичника взрослого типа;434;7
8630/3;Андробластома, злокачественная;440;7
8631/3;Опухоль из клеток Сертоли-Лейдига, низкодифференцированная;443;7
8634/3;Опухоль из клеток Сертоли-Лейдига, низкодифференцированная, с гетерологичными элементами;447;7
8640/3;Сертоли-клеточный рак (С62._);449;7
8650/3;Лейдиго-клеточная опухоль, злокачественная (С62._);454;7
8670/3;Стероидно-клеточная опухоль, злокачественная;457;7
8680/3;Параганглиома, БДУ;462;7
8681/3;Симпатическая параганглиома;1180;7
8682/3;Парасимпатическая параганглиома;1181;7
8690/3;Параганглиома среднего уха;1182;7
8691/3;Опухоль аортального тельца;1183;7
8692/3;Параганглиома картотидного тельца;1184;7
8693/3;Экстраадренальная параганглиома, БДУ;470;7
8700/3;Феохромоцитома, БДУ (С74.1);472;7
8710/3;Гломангиосаркома;473;7
8711/3;Гломусная опухоль, злокачественная;475;7
8714/3;Периваскулярная эпителиоидная опухоль, злокачественная;1186;7
8720/3;Невоидная меланома;481;7
8721/3;Узловая меланома (С44._);482;7
8722/3;Балонноклеточная меланома (С44._);484;7
8723/3;Злокачественная меланома, регрессирующая (С44._);486;7
8728/3;Менингеальный меланоматоз (С70.9);492;7
8730/3;Амеланотическая меланома (С44._);494;7
8740/3;Злокачественная меланома при пограничном невусе (С44._);496;7
8741/3;Злокачественная меланома при предраковом меланозе (С44._);498;7
8742/3;Лентиго-меланома (С44._);500;7
8743/3;Меланома, ассоциированная с низким уровнем кумулятивного солярного поврежедния;501;7
8744/3;Акральная меланома;502;7
8745/3;Десмопластическая меланома, злокачественная (С44._);503;7
8746/3;Лентигинозная меланома слизистых оболочек;504;7
8761/3;Злокачественная меланома, возникшая в гигантском врожеденном невусе;509;7
8770/3;Злокачественная опухоль Шпиц (Спиц);512;7
8771/3;Эпителиоидноклеточная меланома;514;7
8772/3;Веретеноклеточная меланома, БДУ;516;7
8773/3;Веретеноклеточная меланома, тип A (С69._);517;7
8774/3;Веретеноклеточная меланома, тип B (С69._);518;7
8780/3;Меланома, возникшая в голубом невусе;520;7
8800/3;Саркома, БДУ;524;7
8801/3;Веретенколеточная сарокма, недифференцированная;526;7
8802/3;Полиморфноклеточная саркома, недифференцированная;527;7
8803/3;Круглоклеточная саркома, недифференцированная;528;7
8804/3;Эпителиоидная саркома, недифференцирвоанная;529;7
8805/3;Недифференцированная саркома;530;7
8806/3;Десмопластическая мелко-круглоклеточная опухоль;531;7
8810/3;Фибросаркома, БДУ;535;7
8811/3;Миксофибросаркома;537;7
8812/3;Периостальная фибросаркома (С40._, С41._ );539;7
8813/3;Фасциальная фибросаркома;541;7
8814/3;Инфантильная фибросаркома;542;7
8815/3;Солитарная фиброзная опухоль/геменгиоперицитома, Grade 3;544;7
8825/3;Миофибробластическая саркома;1198;7
8830/3;Недифференцированная плеоморфная саркома кости высокой степени злокачественности;557;7
8832/3;Выбухающая дерматофибросаркома, фибросаркоматозная;560;7
8840/3;Фибромиксоидная саркома низкой степени злокачественности;567;7
8842/3;Оссифицирующая фибромиксоидная опухоль, злокачественная;1203;7
8850/3;Липосаркома, БДУ;573;7
8851/3;Липосаркома, высокодифференцированная, БДУ;575;7
8852/3;Миксоидная липосаркома;577;7
8853/3;Круглоклеточная липосаркома;578;7
8854/3;Плеоморфная липосаркома;580;7
8855/3;Смешанная липосаркома;581;7
8857/3;Фибробластическая липосаркома;584;7
8858/3;Дедифференцированная липосаркома;585;7
8890/3;Лейомиосаркома, БДУ;595;7
8891/3;Эпителиоидная лейомиосаркома;597;7
8894/3;Ангиомиосаркома;601;7
8895/3;Миосаркома;603;7
8896/3;Миксоидная лейомиосаркома;604;7
8900/3;Рабдомиосаркома, БДУ;608;7
8901/3;Плеоморфная рабдомиосаркома, взрослый тип;609;7
8902/3;Рабдомиосаркома смешанного типа;610;7
8910/3;Эмбриональная рабдомиосаркома, БДУ;614;7
8912/3;Склерозирующая рабдомиосаркома;615;7
8920/3;Альвеолярная рабдомиосаркома;616;7
8921/3;Эктомезенхимома;617;7
8930/3;Эндометриальная стромальная саркома (С54.1);620;7
8931/3;Эндометриальная стромальная саркома низкой степени злокачественности (С54.1);621;7
8933/3;Аденосаркома;623;7
8934/3;Карцинофиброма;624;7
8935/3;Стромальная саркома, БДУ;627;7
8936/3;Гастроинтестинальная стромальная опухоль;630;7
8940/3;Смешанная опухоль, злокачественная, БДУ;632;7
8941/3;Карцинома из плеоморфной аденомы;633;7
8950/3;Мюллеровская смешанная опухоль (С54._);634;7
8951/3;Мезодермальная смешанная опухоль;635;7
8959/3;Злокачественная кистозная нефрома (С64.9);638;7
8960/3;Нефробластома, БДУ (С64.9);640;7
8963/3;Рабдоидная опухоль, БДУ;641;7
8964/3;Светлоклеточная саркома почки (С64.9);642;7
8970/3;Гепатобластома (С22.0);646;7
8971/3;Панкреатобластома (С25._);647;7
8972/3;Легочная бластома (С34._);648;7
8973/3;Плевролегочная бластома;649;7
8980/3;Карциносаркома, БДУ;652;7
8981/3;Карциносаркома, эмбриональная;653;7
8982/3;Миоэпителиальная карцинома;655;7
8983/3;Аденомиоэпителиома с карциномой;1207;7
8990/3;Фосфатурическая мезенхимальная опухоль, злокачественная;659;7
8991/3;Эмбриональная саркома, БДУ;660;7
9000/3;Опухоль Бреннера, злокачественная (С56.9);664;7
9014/3;Серозная аденокарцинофиброма;671;7
9015/3;Муцинозная аденокарцинофиброма;674;7
9020/3;Перидуктальная стромальная опухоль, низкой степени злокачественности;678;7
9040/3;Синовиальная саркома, БДУ;682;7
9041/3;Синовиальная саркома, веретеноклеточная;683;7
9042/3;Синовиальная саркома, эпителиоидно-клеточная;684;7
9043/3;Синовиальная саркома, бифазная;685;7
9044/3;Злокачественная меланома мягких тканей;686;7
9045/3;Бифенотипическая синоназальная саркома;1209;7
9050/3;Мезотелиома, злокачественная;689;7
9051/3;Фиброзная мезотелиома, злокачественная;691;7
9052/3;Эпителиоидная мезотелиома, злокачественная;693;7
9053/3;Мезотелиома, бифазная, злокачественная;694;7
9060/3;Дисгерминома;699;7
9061/3;Семинома, БДУ (С62._);700;7
9062/3;Семинома, анапластическая (С62._);701;7
9063/3;Сперматоцитарная семинома (С62._);702;7
9064/3;Герминома;704;7
9065/3;Герминогенная опухоль, несеминомная (С62._);705;7
9070/3;Эмбриональный рак, БДУ;706;7
9071/3;Опухоль желточного мешка;707;7
9072/3;Полиэмбриома;708;7
9080/3;Тератома, злокачественная, БДУ;712;7
9081/3;Тератокарцинома;713;7
9082/3;Злокачественная тератома, недифференцированная;714;7
9083/3;Злокачественная тератома, промежуточная;715;7
9084/3;Тератома со злокачественной трансформацией;717;7
9085/3;Смешанная герминогенная опухоль;718;7
9086/3;Герминальноклеточная опухоль, ассоциирвоанная с гематологическими опухолями;1211;7
9090/3;Струма яичника, злокачественная (С56.9);720;7
9100/3;Хориокарцинома, БДУ;725;7
9101/3;Хориокарцинома в сочетании с другими герминогенными опухолями;726;7
9102/3;Злокачественная тератома, трофобластическая;727;7
9105/3;Трофобластическая опухоль, эпителиоидная;730;7
9110/3;Аденокарцинома сети яичника;734;7
9120/3;Гемангиосаркома;737;7
9124/3;Саркома из клеток Купфера (С22.0);741;7
9130/3;Гемангиоэндотелиома, злокачественная;745;7
9133/3;Эпителиоидная гемангиоэндотелиома, БДУ;749;7
9137/3;Интимальная саркома;1213;7
9140/3;Саркома Капоши;752;7
9170/3;Лимфангиосаркома;763;7
9180/3;Остеосаркома, БДУ (С40._, С41._);772;7
9181/3;Хондробластическая остеосаркома (С40._, С41._);773;7
9182/3;Фибробластическая остеосаркома (С40._, С41._);774;7
9183/3;Телеангиэктатическая остеосаркома (С40._, С41._);775;7
9184/3;Остеосаркома при болезни Педжета костей (С40._, С41._);776;7
9185/3;Мелкоклеточная остеосаркома (С40._, С41._);777;7
9186/3;Центральная остеосаркома (С40._, С41._);778;7
9187/3;Центральняа остеогенная саркома низкой степени злокачественности;779;7
9192/3;Паростальная остеосаркома (С40._, С41._);781;7
9193/3;Периостальная остеосаркома (С40._, С41._);782;7
9194/3;Поверхностная остеосаркома высокой степени злокачественности (С40._, С41._);783;7
9195/3;Интракортикальная остеосаркома (С40._, С41._);784;7
9220/3;Хондросаркома, Grade 2;791;7
9221/3;Периостеальная ходросаркома;793;7
9230/3;Хондробластома, злокачественная (С40._, С41._);795;7
9231/3;Миксоидная хондросаркома;796;7
9240/3;Мезенхимальная хондросаркома;797;7
9242/3;Светлоклеточная хондросаркома (С40._, С41._);799;7
9243/3;Дедифференцированная хондросаркома (С40._, С41._);800;7
9250/3;Гигантоклеточная опухоль костей, злокачественная (С40._, С41._);803;7
9251/3;Злокачественная гигантоклеточная опухоль мягких тканей;805;7
9252/3;Злокачественная теносиновиальная гигантоклеточная опухоль (С49._);807;7
9261/3;Адамантинома длинных костей (С40._);810;7
9270/3;Одонтогенная опухоль, злокачественная;815;7
9290/3;Амелобластическая одонтосаркома;825;7
9310/3;Амелобластома, метастазирующая;830;7
9330/3;Амелобластическая фибросаркома;837;7
9341/3;Светлоклеточная одонтогенная карцинома;1222;7
9342/3;Одонтогенная карциносаркома;840;7
9362/3;Пинеобластома (С75.3);847;7
9364/3;Саркома Юинга;849;7
9365/3;Опухоль Аскина;850;7
9370/3;Хордома, БДУ;851;7
9371/3;Хондроидная хордома;852;7
9372/3;Дедифференцированная хордома;853;7
9380/3;Глиома, злокачественная (С71._);856;7
9381/3;Глиоматоз мозга (С71._);857;7
9382/3;Олигоастроцитома, БДУ;858;7
9385/3;Диффузная срединная глиома, с мутацией Н3 К27М;1224;7
9390/3;Рак сосудистого сплетения (С71.5);863;7
9391/3;Эпендимома, БДУ (С71._);864;7
9392/3;Эпендимома, анапластическая (С71._);865;7
9393/3;Папиллярная эпендимома (С71._);866;7
9395/3;Папиллярная опухоль пинеальной области;868;7
9396/3;Эпендимома, позитивная по RELA-fusion;1226;7
9400/3;Диффузная астроцитома с мутацией IDH;869;7
9401/3;Астроцитома, анапластическая, с мутацией IDH;870;7
9410/3;Протоплазматическая астроцитома (С71._);871;7
9411/3;Гемистоцитарная астроцитома, с мутацией IDH;872;7
9420/3;Фибриллярная астроцитома (С71._);875;7
9423/3;Полярная спонгиобластома (С71._);877;7
9424/3;Анапластическая плеоморфная ксантоастроцитома;878;7
9425/3;Пиломиксоидная астроцитома;879;7
9430/3;Астробластома (С71._);880;7
9440/3;Эпителиоидная глиобластома;883;7
9441/3;Гигантоклеточная глиобластома (С71._);884;7
9442/3;Глиосаркома (С71._);886;7
9445/3;Глиобластома, с мутацией IDH;1227;7
9450/3;Олиогодендроглиома, с мутацией IDH и сочетанной делецией 1p/19q;888;7
9451/3;Олигодендроглиома, анапластическая, с мутацией IDH и сочетанной делецией 1p/19q;889;7
9460/3;Олигодендробластома [уст. ] (С71._);890;7
9470/3;Классическая медуллобластома;891;7
9471/3;Медуллобластома, с активацией SHH-пути и дикого типа по ТР53;892;7
9472/3;Медулломиобластома (С71.6);893;7
9473/3;Эмбриональная опухоль ЦНС, БДУ;894;7
9474/3;Крупноклеточная медуллобластома (С71.6);895;7
9475/3;Медуллобластома, с активацией WNT-пути, БДУ;1228;7
9476/3;Медуллобластома, с активацией SHН-пути и мутацией ТР53;1229;7
9477/3;Медуллобластома, без активации WNT/SHH-пути;1230;7
9478/3;Эмбриональная опухоль с многослойными розетками и перестройкой С19МС;1231;7
9480/3;Саркома мозжечка, БДУ (С71.6) [уст.];896;7
9490/3;Ганглионейробластома;899;7
9500/3;Нейробластома, БДУ;903;7
9501/3;Медуллоэпителиома, БДУ;905;7
9502/3;Тератоидная медуллоэпителиома;907;7
9503/3;Нейроэпителиома, БДУ;908;7
9504/3;Спонгионейробластома;909;7
9505/3;Ганглиоглиома, анапластическая;911;7
9508/3;Эмбриональная опухоль ЦНС с рабдиоидными чертами;914;7
9510/3;Ретинобластома, БДУ (С69.2);917;7
9511/3;Ретинобластома, дифференцированная (С69.2);918;7
9512/3;Ретинобластома, недифференцированная (С69.2);919;7
9513/3;Ретинобластома, диффузная (С69.2);920;7
9520/3;Ольфакторная нейрогенная опухоль (С30.0);922;7
9521/3;Ольфакторная нейроцитома (С30.0);923;7
9522/3;Ольфакторная нейробластома (С30.0);924;7
9523/3;Ольфакторная нейроэпителиома (С30.0);925;7
9530/3;Менингиома, злокачественная;929;7
9538/3;Папиллярная менингиома;937;7
9539/3;Менингеальный саркоматоз;939;7
9540/3;Злокачественная опухоль оболочек периферических нервов;943;7
9542/3;Злокачественная опухоль из оболочек периферических нервов, эпителиоидная;1232;7
9560/3;Неврилеммома, злокачественная [уст.];948;7
9561/3;Злокачественная опухоль оболочек периферических нервов с рабдомиобластической дифференцировкой;949;7
9571/3;Периневриома, злокачественная;953;7
9580/3;Зернистоклеточная опухоль, злокачественная;956;7
9581/3;Альвеолярная саркома мягких тканей;957;7
8000/3;Новообразование, злокачественное;4;8
8001/3;Опухолевые клетки, злокачественные;9;8
8002/3;Злокачественная опухоль, мелкоклеточная;10;8
8003/3;Злокачественная опухоль, гигантоклеточная;11;8
8004/3;Злокачественная опухоль, веретеноклеточная;12;8
8005/3;Злокачественная опухоль, светлоклеточная;14;8
8010/3;Рак, БДУ;18;8
8010/6;Рак, метастатический, БДУ;19;8
8011/3;Эпителиома, злокачественная;22;8
8012/3;Крупноклеточный рак, БДУ;23;8
8013/3;Комбинированный крупноклеточный нейроэндокринный рак;24;8
8014/3;Крупноклеточный рабдоидный рак;25;8
8015/3;Стекловидноклеточный рак;26;8
8020/3;Рак, недифференцированный, БДУ (неуточненный);27;8
8021/3;Рак, анапластический, БДУ;28;8
8022/3;Плеоморфный рак;29;8
8023/3;NUT-ассоциированная карцинома;1136;8
8030/3;Гигантоклеточный и веретеноклеточный рак;30;8
8031/3;Гигантоклеточный рак;31;8
8032/3;Веретеноклеточный рак;32;8
8033/3;Псевдосаркоматозный рак;33;8
8034/3;Полигональноклеточный рак;34;8
8035/3;Рак из остеокластоподобных гигантских клеток;35;8
8041/3;Мелкоклеточный рак, БДУ;38;8
8042/3;Овсяноклеточный рак (С34._);39;8
8043/3;Мелкоклеточный рак, веретеноклеточный;40;8
8044/3;Мелкоклеточный рак, гиперкальциемического типа;41;8
8045/3;Комбинированный мелкоклеточный рак;42;8
8046/3;Немелкоклеточный рак (С34._);43;8
8050/3;Папиллярный рак, БДУ;47;8
8051/3;Бородавчатый рак, БДУ;49;8
8052/3;Папиллярный плоскоклеточный рак;52;8
8054/3;Бородавчатая карцинома;1138;8
8070/3;Плоскоклеточный рак, БДУ;56;8
8070/6;Плоскоклеточный рак, метастатический, БДУ;57;8
8071/3;Кератоакантома;58;8
8072/3;Плоскоклеточный рак, крупноклеточный неороговевающий, БДУ;59;8
8073/3;Плоскоклеточный рак, мелкоклеточный, неороговевающий;60;8
8074/3;Псевдососудистый плоскоклеточный рак;61;8
8075/3;Плоскоклеточный рак, аденоидный;62;8
8076/3;Плоскоклеточный рак микроинвазивный;64;8
8078/3;Плоскоклеточный рак с ороговением;67;8
8082/3;Лимфоэпителиальный рак;70;8
8083/3;Папиллярно-базалоидная карцинома;71;8
8084/3;Плоскоклеточный рак, светлоклеточный;72;8
8085/3;Плоскоклеточный рак, HPV-позитивный;1143;8
8086/3;Плоскоклеточный рак, HPV-негативный;1144;8
8090/3;Базальноклеточный рак с придатковой дифференцировкой;75;8
8091/3;Поверхностный базальноклеточный рак;76;8
8092/3;Инфильтративный базальноклеточный рак, БДУ (С44._);77;8
8093/3;Базальноклеточный рак, фиброэпителиальный (С44._);78;8
8094/3;Базально-плоскоклеточный рак (С44._);79;8
8095/3;Метатипический рак (С44._);80;8
8097/3;Базальноклеточный рак, нодулярная (узловая) форма (С44._);82;8
8098/3;Аденоидная базалиома (С53._);83;8
8100/3;Трихобластическая карцинома;1145;8
8102/3;Трихолеммокарцинома (С44._);87;8
8110/3;Пиломатрикальная карцинома;90;8
8120/3;Плоско-переходноклеточная карцинома;95;8
8121/3;Рак Шнейдера (С30.0, С31._);98;8
8122/3;Уротелиальная карцинома, саркоматоидная;99;8
8123/3;Базалиоидный рак;100;8
8124/3;Клоакогенный рак (С21.2);101;8
8130/3;Папиллярный переходно-клеточный рак (С67._);104;8
8131/3;Уротелиальная карцинома, микропапиллярная;105;8
8140/3;Аденокарцинома, обычный тип;110;8
8140/6;Аденокарцинома, метастатическая, БДУ;111;8
8141/3;Скиррозная аденокарцинома;112;8
8142/3;Пластический линит (С16._);113;8
8143/3;Поверхностно распространяющаяся аденокарцинома;114;8
8144/3;Аденокарцинома, кишечная;115;8
8145/3;Рак, диффузный тип (С16._);116;8
8147/3;Базальноклеточная аденокарцинома;119;8
8150/3;Нейроэндокринная опухоль поджелудочной железы, нефункционирующая;125;8
8151/3;Инсулинома, БДУ;127;8
8152/3;Опухоль, продуцирующая глюкагоноподобный пептид;129;8
8153/3;Гастринома, БДУ;131;8
8154/3;Смешанная эндокринная и экзокринная опухоль поджелудочной железы, злокачественная (С25._);132;8
8155/3;ВИПома, БДУ;134;8
8156/3;Соматостатинома, БДУ;136;8
8158/3;АКТГ-продуцирующая опухоль;1149;8
8160/3;Холангиокарцинома (С22.1, С24.0);139;8
8161/3;Цистаденокарцинома желчного протока (С22.1, С24.0);141;8
8162/3;Опухоль Клацкина (С22.1, С24.0);142;8
8163/3;Панкреатобилиарный рак (С24.1);145;8
8170/3;Гепатоцеллюлярный рак, БДУ (С22.0);147;8
8171/3;Гепатоцеллюлярный рак, фиброламеллярный (С22.0);148;8
8172/3;Гепатоцеллюлярный рак, скиррозный (С22.0);149;8
8173/3;Гепатоцеллюлярный рак, веретеноклеточный вариант (С22.0);150;8
8174/3;Гепатоцеллюлярный рак, светлоклеточный вариант (С22.0);151;8
8175/3;Гепатоцеллюлярный рак, плеоморфный вариант (С22.0);152;8
8180/3;Смешанный гепатоцеллюлярный рак и холангиокарцинома (С22.0);153;8
8190/3;Трабекулярная аденокарцинома;155;8
8200/3;Рак тимуса с чертами, напоминающими аденокистозный рак;158;8
8201/3;Криброзный рак, БДУ;160;8
8210/3;Аденокарцинома в аденоматозном полипе;165;8
8211/3;Тубулярная аденокарцинома;167;8
8213/3;Зубчатая аденокарцинома;170;8
8214/3;Париетально-клеточный рак (С16._);171;8
8215/3;Аденокарцинома анальных желез (С21.1);172;8
8220/3;Аденокарцинома в аденоматозном полипе толстой кишки (С18._);174;8
8221/3;Аденокарцинома в множественных аденоматозных полипах;176;8
8230/3;Солидная аденокарцинома, БДУ;178;8
8231/3;Простой рак (Carcinoma simplex);179;8
8240/3;Нейроэндокринная опухоль, БДУ;181;8
8241/3;Карциноидная опухоль, аргентафинная;182;8
8242/3;Опухоль из энтерохромаффиноподобных клеток, злокачественная;184;8
8243/3;Карциноид из бокаловидных клеток;185;8
8244/3;Смешанные карциноид и аденокарцинома;186;8
8245/3;Аденокарциноидная опухоль;188;8
8246/3;Низкодифференцированная нейроэндокринная опухоль;189;8
8247/3;Рак из клеток Меркеля (С44._);190;8
8249/3;Нейроэндокринная опухоль, Grade 2;192;8
8250/3;Аденокарцинома со стелющимся типом роста;194;8
8251/3;Альвеолярная аденокарцинома (С34._);196;8
8252/3;Бронхиоло-альвеолярный рак, немуцинозный (С34._);197;8
8253/3;Аденокарцинома легого in situ, муцинозная;198;8
8254/3;Аденокарцинома легкого смешанная: муцинозная и немуцинозная;199;8
8255/3;Аденокарцинома со смешанными подтипами;200;8
8256/3;Минимальноинвазивная аденокарцинома, немуцинозная;1153;8
8257/3;Минимальноинвазивная аденокарцинома, муцинозная;1154;8
8260/3;Папиллярная аденокарцинома, БДУ;202;8
8261/3;Аденокарцинома при ворсинчатой аденоме;205;8
8262/3;Ворсинчатая аденокарцинома;206;8
8263/3;Виллогландулярная карцинома;209;8
8265/3;Микропапиллярная аденокарцинома;211;8
8270/3;Хромофобный рак (С75.1);213;8
8272/3;Рак гипофиза, БДУ (С75.1);216;8
8273/3;Бластома гипофиза;1156;8
8280/3;Рак из ацидофильных клеток (С75.1);218;8
8281/3;Смешанный ацидофильно-базофильный рак (С75.1);220;8
8290/3;Оксифильная аденокарцинома;222;8
8300/3;Рак из базофильных клеток (С75.1);224;8
8310/3;Светлоклеточный почечноклеточный рак;226;8
8311/3;Почечноклеточный рак, ассоциирвоанный с наследственным лейомиоматозом и почечноклеточным раком;1157;8
8312/3;Почечноклеточный рак, неклассифицируемый;228;8
8313/3;Светлоклеточная аденокарцинофиброма (С56.9);231;8
8314/3;Липид-секретирующий рак (С50._);232;8
8315/3;Светлоклеточная карцинома богатая гликогеном;233;8
8316/3;Почечноклеточный рак, ассоциированный с приобретенной кистозной болезнью;234;8
8317/3;Почечно-клеточный рак, хромофобный (С64.9);235;8
8318/3;Почечно-клеточный рак, саркомоподобный (С64.9);236;8
8319/3;Рак собирательных трубочек почки (С64.9);237;8
8320/3;Зернистоклеточный рак;238;8
8322/3;Водянисто-светлоклеточная аденокарцинома (С75.0);241;8
8323/3;Смешанно-клеточная аденокарцинома;243;8
8330/3;Фолликулярная карцинома, БДУ;248;8
8331/3;Фолликулярная аденокарцинома, высокодифференцированная (С73.9);249;8
8332/3;Фолликулярная аденокарцинома, трабекулярная (С73.9);250;8
8333/3;Эмбриональная аденокарцинома;252;8
8335/3;Фолликулярный рак, минимально инвазивный (С73.9);254;8
8337/3;Низкодифференцированный рак щитовидной железы;256;8
8339/3;Фолликулярная карцинома, инкапсулированная, ангиоинвазивная;1162;8
8340/3;Папиллярная и фолликулярная аденокарцинома;257;8
8341/3;Папиллярная микрокарцинома (С73.9);258;8
8342/3;Папиллярная карцинома, онкоцитарный вариант;259;8
8343/3;Папиллярный рак, инкапсулированный (С73.9);260;8
8344/3;Папиллярный рак, цилиндроклеточный (С73.9);261;8
8345/3;Медуллярный рак щитовиднйо железы;262;8
8346/3;Смешанный медуллярно-фолликулярный рак (С73.9);263;8
8347/3;Смешанный медуллярно-папиллярный рак (С73.9);264;8
8350/3;Неинкапсулированный склерозируюший рак (С73.9);265;8
8370/3;Рак коры надпочечника (С74.0);269;8
8380/3;Эндометриоидная аденокарцинома, БДУ;277;8
8381/3;Эндометриоидная аденофиброма, злокачественная;280;8
8382/3;Эндометриоидная аденокарцинома, секретирующий вариант;281;8
8383/3;Эндометриоидная аденокарцинома, из реснитчатых клеток;282;8
8384/3;Аденокарцинома, эндоцервикальная;283;8
8390/3;Придатковая аденокарцинома, БДУ;286;8
8400/3;Аденокарцинома потовой железы (С44._);291;8
8401/3;Апокринная аденокарцинома;293;8
8402/3;Гидраденокарцинома;295;8
8403/3;Злокачественная эккринная спираденома (С44._);297;8
8406/3;Сосочковая сирингоцистаденокарцинома;1166;8
8407/3;Микрокистозная придатковая карцинома;302;8
8408/3;Папиллярная аденокарцинома пальцев;305;8
8409/3;Порокарцинома, БДУ;307;8
8410/3;Себоцейная карцинома;309;8
8413/3;Эккринная аденокарцинома (С44._);310;8
8420/3;Аденокарцинома серных желез (С44.2);312;8
8430/3;Мукоэпидермоидный рак;315;8
8440/3;Цистаденокарцинома, БДУ;318;8
8441/3;Серозняа карцинома, БДУ;320;8
8450/3;Папиллярная цистаденокарцинома, БДУ (С56.9);325;8
8452/3;Солидная псевдопапиллярная опухоль поджелудочной железы;328;8
8453/3;Внутрипротоковый папиллярно-муцинозный рак, инвазивный (С25._);331;8
8460/3;Папиллярная серозная цистаденокарцинома (С56.9);334;8
8461/3;High-grade серозная карцинома;336;8
8470/3;Муцинозная цистаденокарцинома, БДУ (С56.9);341;8
8474/3;Серомуцинозная карцинома;1172;8
8480/3;Муцинозная тубулярная и веретеноклеточная карцинома;348;8
8480/6;Псевдомиксома брюшины;349;8
8481/3;Слизеобразующая аденокарцинома;350;8
8482/3;Муцинозная аденокарцинома, желудочного типа;351;8
8490/3;Перстневидно-клеточный рак;352;8
8490/6;Метастатический перстневидно-клеточный рак;353;8
8500/3;Инвазивный рак молочной железы неспецифицированный;356;8
8501/3;Комедокарцинома, БДУ (С50._);358;8
8502/3;Секреторный рак молочной железы (С50._);359;8
8503/3;Внутрипротоковая папиллярная аденокарцинома с инвазией (С50._);362;8
8504/3;Инкапусалированная папиллярная карцинома с инвазией;365;8
8507/3;Инвазивная микропапиллярная карцинома молочной железы;1173;8
8508/3;Кистозный гиперсекреторный рак (С50._);369;8
8509/3;Солидная папиллярная карцинома с инвазией;1175;8
8510/3;Медуллярноподобная карцинома;370;8
8512/3;Медуллярный рак с лимфоидной стромой;371;8
8513/3;Атипичный медуллярный рак (С50._);372;8
8514/3;Протоковый рак, десмопластический тип;373;8
8520/3;Тубулолобулярная карцинома;375;8
8521/3;Инфильтрирующий дуктулярный рак (С50._);376;8
8522/3;Инфильтрирующий протоковый и дольковый рак (С50._);378;8
8523/3;Инфильтрирующий протоковый рак в сочетании с другими формами рака (С50._);379;8
8524/3;Инфильтрирующий дольковый рак в сочетании с другими формами рака (С50._);380;8
8525/3;Полиморфная аденокарцинома низкой степени злокачественности;381;8
8530/3;Воспалительный рак (С50._);382;8
8540/3;Болезнь Педжета соска;383;8
8541/3;Болезнь Педжета и инфильтрирующий протоковый рак молочной железы (С50._);384;8
8542/3;Болезнь Педжета, экстрамаммарная (за исключением болезни Педжета костей);385;8
8543/3;Болезнь Педжета и внутрипротоковый рак молочной железы (С50._);386;8
8550/3;Ацинарно-клеточный рак;390;8
8551/3;Ацинарная аденокарцинома легкого;391;8
8552/3;Смешанный ацинарно-протоковый рак;392;8
8560/3;Железисто-плоскоклеточный рак;395;8
8562/3;Эпителиально-миоэпителиальный рак;397;8
8570/3;Эндометриоидная карцинома с плоскоклеточной дифференцировкой;398;8
8571/3;Аденокарцинома с хондроидной дифференцировкой;399;8
8572/3;Ацинарная аденокарцинома, саркоматоидный вариант;400;8
8573/3;Аденокарцинома с апокринной метаплазией;401;8
8574/3;Аденокарцинома смешанная с нейроэндокринным раком;402;8
8575/3;Метапластический рак, БДУ;403;8
8576/3;Гепатоидная аденокарцинома;404;8
8580/3;Тимома, БДУ;408;8
8581/3;Тимома, тип А;410;8
8582/3;Тимома, тип АВ;412;8
8583/3;Тимома, тип В1;414;8
8584/3;Тимома, тип В2;416;8
8585/3;Тимома, тип В3;418;8
8586/3;Рак вилочковой железы (тимуса), БДУ (С37.9);419;8
8588/3;Веретеноклеточная эпителиальная опухоль с тимус-подобной дифференцировкой;421;8
8589/3;Тимическая карцинома щитовидной железы;422;8
8600/3;Текома, злокачественная (С56.9);429;8
8620/3;Гранулезоклеточная опухоль яичника взрослого типа;434;8
8630/3;Андробластома, злокачественная;440;8
8631/3;Опухоль из клеток Сертоли-Лейдига, низкодифференцированная;443;8
8634/3;Опухоль из клеток Сертоли-Лейдига, низкодифференцированная, с гетерологичными элементами;447;8
8640/3;Сертоли-клеточный рак (С62._);449;8
8650/3;Лейдиго-клеточная опухоль, злокачественная (С62._);454;8
8670/3;Стероидно-клеточная опухоль, злокачественная;457;8
8680/3;Параганглиома, БДУ;462;8
8681/3;Симпатическая параганглиома;1180;8
8682/3;Парасимпатическая параганглиома;1181;8
8690/3;Параганглиома среднего уха;1182;8
8691/3;Опухоль аортального тельца;1183;8
8692/3;Параганглиома картотидного тельца;1184;8
8693/3;Экстраадренальная параганглиома, БДУ;470;8
8700/3;Феохромоцитома, БДУ (С74.1);472;8
8710/3;Гломангиосаркома;473;8
8711/3;Гломусная опухоль, злокачественная;475;8
8714/3;Периваскулярная эпителиоидная опухоль, злокачественная;1186;8
8720/3;Невоидная меланома;481;8
8721/3;Узловая меланома (С44._);482;8
8722/3;Балонноклеточная меланома (С44._);484;8
8723/3;Злокачественная меланома, регрессирующая (С44._);486;8
8728/3;Менингеальный меланоматоз (С70.9);492;8
8730/3;Амеланотическая меланома (С44._);494;8
8740/3;Злокачественная меланома при пограничном невусе (С44._);496;8
8741/3;Злокачественная меланома при предраковом меланозе (С44._);498;8
8742/3;Лентиго-меланома (С44._);500;8
8743/3;Меланома, ассоциированная с низким уровнем кумулятивного солярного поврежедния;501;8
8744/3;Акральная меланома;502;8
8745/3;Десмопластическая меланома, злокачественная (С44._);503;8
8746/3;Лентигинозная меланома слизистых оболочек;504;8
8761/3;Злокачественная меланома, возникшая в гигантском врожеденном невусе;509;8
8770/3;Злокачественная опухоль Шпиц (Спиц);512;8
8771/3;Эпителиоидноклеточная меланома;514;8
8772/3;Веретеноклеточная меланома, БДУ;516;8
8773/3;Веретеноклеточная меланома, тип A (С69._);517;8
8774/3;Веретеноклеточная меланома, тип B (С69._);518;8
8780/3;Меланома, возникшая в голубом невусе;520;8
8800/3;Саркома, БДУ;524;8
8801/3;Веретенколеточная сарокма, недифференцированная;526;8
8802/3;Полиморфноклеточная саркома, недифференцированная;527;8
8803/3;Круглоклеточная саркома, недифференцированная;528;8
8804/3;Эпителиоидная саркома, недифференцирвоанная;529;8
8805/3;Недифференцированная саркома;530;8
8806/3;Десмопластическая мелко-круглоклеточная опухоль;531;8
8810/3;Фибросаркома, БДУ;535;8
8811/3;Миксофибросаркома;537;8
8812/3;Периостальная фибросаркома (С40._, С41._ );539;8
8813/3;Фасциальная фибросаркома;541;8
8814/3;Инфантильная фибросаркома;542;8
8815/3;Солитарная фиброзная опухоль/геменгиоперицитома, Grade 3;544;8
8825/3;Миофибробластическая саркома;1198;8
8830/3;Недифференцированная плеоморфная саркома кости высокой степени злокачественности;557;8
8832/3;Выбухающая дерматофибросаркома, фибросаркоматозная;560;8
8840/3;Фибромиксоидная саркома низкой степени злокачественности;567;8
8842/3;Оссифицирующая фибромиксоидная опухоль, злокачественная;1203;8
8850/3;Липосаркома, БДУ;573;8
8851/3;Липосаркома, высокодифференцированная, БДУ;575;8
8852/3;Миксоидная липосаркома;577;8
8853/3;Круглоклеточная липосаркома;578;8
8854/3;Плеоморфная липосаркома;580;8
8855/3;Смешанная липосаркома;581;8
8857/3;Фибробластическая липосаркома;584;8
8858/3;Дедифференцированная липосаркома;585;8
8890/3;Лейомиосаркома, БДУ;595;8
8891/3;Эпителиоидная лейомиосаркома;597;8
8894/3;Ангиомиосаркома;601;8
8895/3;Миосаркома;603;8
8896/3;Миксоидная лейомиосаркома;604;8
8900/3;Рабдомиосаркома, БДУ;608;8
8901/3;Плеоморфная рабдомиосаркома, взрослый тип;609;8
8902/3;Рабдомиосаркома смешанного типа;610;8
8910/3;Эмбриональная рабдомиосаркома, БДУ;614;8
8912/3;Склерозирующая рабдомиосаркома;615;8
8920/3;Альвеолярная рабдомиосаркома;616;8
8921/3;Эктомезенхимома;617;8
8930/3;Эндометриальная стромальная саркома (С54.1);620;8
8931/3;Эндометриальная стромальная саркома низкой степени злокачественности (С54.1);621;8
8933/3;Аденосаркома;623;8
8934/3;Карцинофиброма;624;8
8935/3;Стромальная саркома, БДУ;627;8
8936/3;Гастроинтестинальная стромальная опухоль;630;8
8940/3;Смешанная опухоль, злокачественная, БДУ;632;8
8941/3;Карцинома из плеоморфной аденомы;633;8
8950/3;Мюллеровская смешанная опухоль (С54._);634;8
8951/3;Мезодермальная смешанная опухоль;635;8
8959/3;Злокачественная кистозная нефрома (С64.9);638;8
8960/3;Нефробластома, БДУ (С64.9);640;8
8963/3;Рабдоидная опухоль, БДУ;641;8
8964/3;Светлоклеточная саркома почки (С64.9);642;8
8970/3;Гепатобластома (С22.0);646;8
8971/3;Панкреатобластома (С25._);647;8
8972/3;Легочная бластома (С34._);648;8
8973/3;Плевролегочная бластома;649;8
8980/3;Карциносаркома, БДУ;652;8
8981/3;Карциносаркома, эмбриональная;653;8
8982/3;Миоэпителиальная карцинома;655;8
8983/3;Аденомиоэпителиома с карциномой;1207;8
8990/3;Фосфатурическая мезенхимальная опухоль, злокачественная;659;8
8991/3;Эмбриональная саркома, БДУ;660;8
9000/3;Опухоль Бреннера, злокачественная (С56.9);664;8
9014/3;Серозная аденокарцинофиброма;671;8
9015/3;Муцинозная аденокарцинофиброма;674;8
9020/3;Перидуктальная стромальная опухоль, низкой степени злокачественности;678;8
9040/3;Синовиальная саркома, БДУ;682;8
9041/3;Синовиальная саркома, веретеноклеточная;683;8
9042/3;Синовиальная саркома, эпителиоидно-клеточная;684;8
9043/3;Синовиальная саркома, бифазная;685;8
9044/3;Злокачественная меланома мягких тканей;686;8
9045/3;Бифенотипическая синоназальная саркома;1209;8
9050/3;Мезотелиома, злокачественная;689;8
9051/3;Фиброзная мезотелиома, злокачественная;691;8
9052/3;Эпителиоидная мезотелиома, злокачественная;693;8
9053/3;Мезотелиома, бифазная, злокачественная;694;8
9060/3;Дисгерминома;699;8
9061/3;Семинома, БДУ (С62._);700;8
9062/3;Семинома, анапластическая (С62._);701;8
9063/3;Сперматоцитарная семинома (С62._);702;8
9064/3;Герминома;704;8
9065/3;Герминогенная опухоль, несеминомная (С62._);705;8
9070/3;Эмбриональный рак, БДУ;706;8
9071/3;Опухоль желточного мешка;707;8
9072/3;Полиэмбриома;708;8
9080/3;Тератома, злокачественная, БДУ;712;8
9081/3;Тератокарцинома;713;8
9082/3;Злокачественная тератома, недифференцированная;714;8
9083/3;Злокачественная тератома, промежуточная;715;8
9084/3;Тератома со злокачественной трансформацией;717;8
9085/3;Смешанная герминогенная опухоль;718;8
9086/3;Герминальноклеточная опухоль, ассоциирвоанная с гематологическими опухолями;1211;8
9090/3;Струма яичника, злокачественная (С56.9);720;8
9100/3;Хориокарцинома, БДУ;725;8
9101/3;Хориокарцинома в сочетании с другими герминогенными опухолями;726;8
9102/3;Злокачественная тератома, трофобластическая;727;8
9105/3;Трофобластическая опухоль, эпителиоидная;730;8
9110/3;Аденокарцинома сети яичника;734;8
9120/3;Гемангиосаркома;737;8
9124/3;Саркома из клеток Купфера (С22.0);741;8
9130/3;Гемангиоэндотелиома, злокачественная;745;8
9133/3;Эпителиоидная гемангиоэндотелиома, БДУ;749;8
9137/3;Интимальная саркома;1213;8
9140/3;Саркома Капоши;752;8
9170/3;Лимфангиосаркома;763;8
9180/3;Остеосаркома, БДУ (С40._, С41._);772;8
9181/3;Хондробластическая остеосаркома (С40._, С41._);773;8
9182/3;Фибробластическая остеосаркома (С40._, С41._);774;8
9183/3;Телеангиэктатическая остеосаркома (С40._, С41._);775;8
9184/3;Остеосаркома при болезни Педжета костей (С40._, С41._);776;8
9185/3;Мелкоклеточная остеосаркома (С40._, С41._);777;8
9186/3;Центральная остеосаркома (С40._, С41._);778;8
9187/3;Центральняа остеогенная саркома низкой степени злокачественности;779;8
9192/3;Паростальная остеосаркома (С40._, С41._);781;8
9193/3;Периостальная остеосаркома (С40._, С41._);782;8
9194/3;Поверхностная остеосаркома высокой степени злокачественности (С40._, С41._);783;8
9195/3;Интракортикальная остеосаркома (С40._, С41._);784;8
9220/3;Хондросаркома, Grade 2;791;8
9221/3;Периостеальная ходросаркома;793;8
9230/3;Хондробластома, злокачественная (С40._, С41._);795;8
9231/3;Миксоидная хондросаркома;796;8
9240/3;Мезенхимальная хондросаркома;797;8
9242/3;Светлоклеточная хондросаркома (С40._, С41._);799;8
9243/3;Дедифференцированная хондросаркома (С40._, С41._);800;8
9250/3;Гигантоклеточная опухоль костей, злокачественная (С40._, С41._);803;8
9251/3;Злокачественная гигантоклеточная опухоль мягких тканей;805;8
9252/3;Злокачественная теносиновиальная гигантоклеточная опухоль (С49._);807;8
9261/3;Адамантинома длинных костей (С40._);810;8
9270/3;Одонтогенная опухоль, злокачественная;815;8
9290/3;Амелобластическая одонтосаркома;825;8
9310/3;Амелобластома, метастазирующая;830;8
9330/3;Амелобластическая фибросаркома;837;8
9341/3;Светлоклеточная одонтогенная карцинома;1222;8
9342/3;Одонтогенная карциносаркома;840;8
9362/3;Пинеобластома (С75.3);847;8
9364/3;Саркома Юинга;849;8
9365/3;Опухоль Аскина;850;8
9370/3;Хордома, БДУ;851;8
9371/3;Хондроидная хордома;852;8
9372/3;Дедифференцированная хордома;853;8
9380/3;Глиома, злокачественная (С71._);856;8
9381/3;Глиоматоз мозга (С71._);857;8
9382/3;Олигоастроцитома, БДУ;858;8
9385/3;Диффузная срединная глиома, с мутацией Н3 К27М;1224;8
9390/3;Рак сосудистого сплетения (С71.5);863;8
9391/3;Эпендимома, БДУ (С71._);864;8
9392/3;Эпендимома, анапластическая (С71._);865;8
9393/3;Папиллярная эпендимома (С71._);866;8
9395/3;Папиллярная опухоль пинеальной области;868;8
9396/3;Эпендимома, позитивная по RELA-fusion;1226;8
9400/3;Диффузная астроцитома с мутацией IDH;869;8
9401/3;Астроцитома, анапластическая, с мутацией IDH;870;8
9410/3;Протоплазматическая астроцитома (С71._);871;8
9411/3;Гемистоцитарная астроцитома, с мутацией IDH;872;8
9420/3;Фибриллярная астроцитома (С71._);875;8
9423/3;Полярная спонгиобластома (С71._);877;8
9424/3;Анапластическая плеоморфная ксантоастроцитома;878;8
9425/3;Пиломиксоидная астроцитома;879;8
9430/3;Астробластома (С71._);880;8
9440/3;Эпителиоидная глиобластома;883;8
9441/3;Гигантоклеточная глиобластома (С71._);884;8
9442/3;Глиосаркома (С71._);886;8
9445/3;Глиобластома, с мутацией IDH;1227;8
9450/3;Олиогодендроглиома, с мутацией IDH и сочетанной делецией 1p/19q;888;8
9451/3;Олигодендроглиома, анапластическая, с мутацией IDH и сочетанной делецией 1p/19q;889;8
9460/3;Олигодендробластома [уст. ] (С71._);890;8
9470/3;Классическая медуллобластома;891;8
9471/3;Медуллобластома, с активацией SHH-пути и дикого типа по ТР53;892;8
9472/3;Медулломиобластома (С71.6);893;8
9473/3;Эмбриональная опухоль ЦНС, БДУ;894;8
9474/3;Крупноклеточная медуллобластома (С71.6);895;8
9475/3;Медуллобластома, с активацией WNT-пути, БДУ;1228;8
9476/3;Медуллобластома, с активацией SHН-пути и мутацией ТР53;1229;8
9477/3;Медуллобластома, без активации WNT/SHH-пути;1230;8
9478/3;Эмбриональная опухоль с многослойными розетками и перестройкой С19МС;1231;8
9480/3;Саркома мозжечка, БДУ (С71.6) [уст.];896;8
9490/3;Ганглионейробластома;899;8
9500/3;Нейробластома, БДУ;903;8
9501/3;Медуллоэпителиома, БДУ;905;8
9502/3;Тератоидная медуллоэпителиома;907;8
9503/3;Нейроэпителиома, БДУ;908;8
9504/3;Спонгионейробластома;909;8
9505/3;Ганглиоглиома, анапластическая;911;8
9508/3;Эмбриональная опухоль ЦНС с рабдиоидными чертами;914;8
9510/3;Ретинобластома, БДУ (С69.2);917;8
9511/3;Ретинобластома, дифференцированная (С69.2);918;8
9512/3;Ретинобластома, недифференцированная (С69.2);919;8
9513/3;Ретинобластома, диффузная (С69.2);920;8
9520/3;Ольфакторная нейрогенная опухоль (С30.0);922;8
9521/3;Ольфакторная нейроцитома (С30.0);923;8
9522/3;Ольфакторная нейробластома (С30.0);924;8
9523/3;Ольфакторная нейроэпителиома (С30.0);925;8
9530/3;Менингиома, злокачественная;929;8
9538/3;Папиллярная менингиома;937;8
9539/3;Менингеальный саркоматоз;939;8
9540/3;Злокачественная опухоль оболочек периферических нервов;943;8
9542/3;Злокачественная опухоль из оболочек периферических нервов, эпителиоидная;1232;8
9560/3;Неврилеммома, злокачественная [уст.];948;8
9561/3;Злокачественная опухоль оболочек периферических нервов с рабдомиобластической дифференцировкой;949;8
9571/3;Периневриома, злокачественная;953;8
9580/3;Зернистоклеточная опухоль, злокачественная;956;8
9581/3;Альвеолярная саркома мягких тканей;957;8
